
Smart_Home.elf:     file format elf32-avr

Sections:
Idx Name          Size      VMA       LMA       File off  Algn
  0 .text         000028d6  00000000  00000000  00000094  2**1
                  CONTENTS, ALLOC, LOAD, READONLY, CODE
  1 .data         000001c4  00800060  000028d6  0000296a  2**0
                  CONTENTS, ALLOC, LOAD, DATA
  2 .bss          0000047e  00800224  00800224  00002b2e  2**0
                  ALLOC
  3 .comment      00000030  00000000  00000000  00002b2e  2**0
                  CONTENTS, READONLY
  4 .note.gnu.avr.deviceinfo 0000003c  00000000  00000000  00002b60  2**2
                  CONTENTS, READONLY
  5 .debug_aranges 00000540  00000000  00000000  00002b9c  2**0
                  CONTENTS, READONLY, DEBUGGING
  6 .debug_info   000060e6  00000000  00000000  000030dc  2**0
                  CONTENTS, READONLY, DEBUGGING
  7 .debug_abbrev 000015ff  00000000  00000000  000091c2  2**0
                  CONTENTS, READONLY, DEBUGGING
  8 .debug_line   00003669  00000000  00000000  0000a7c1  2**0
                  CONTENTS, READONLY, DEBUGGING
  9 .debug_frame  00000fb0  00000000  00000000  0000de2c  2**2
                  CONTENTS, READONLY, DEBUGGING
 10 .debug_str    00001958  00000000  00000000  0000eddc  2**0
                  CONTENTS, READONLY, DEBUGGING
 11 .debug_loc    00004e8b  00000000  00000000  00010734  2**0
                  CONTENTS, READONLY, DEBUGGING
 12 .debug_ranges 00000548  00000000  00000000  000155bf  2**0
                  CONTENTS, READONLY, DEBUGGING

Disassembly of section .text:

00000000 <__vectors>:
       0:	0c 94 2a 00 	jmp	0x54	; 0x54 <__ctors_end>
       4:	0c 94 47 00 	jmp	0x8e	; 0x8e <__bad_interrupt>
       8:	0c 94 47 00 	jmp	0x8e	; 0x8e <__bad_interrupt>
       c:	0c 94 47 00 	jmp	0x8e	; 0x8e <__bad_interrupt>
      10:	0c 94 47 00 	jmp	0x8e	; 0x8e <__bad_interrupt>
      14:	0c 94 47 00 	jmp	0x8e	; 0x8e <__bad_interrupt>
      18:	0c 94 47 00 	jmp	0x8e	; 0x8e <__bad_interrupt>
      1c:	0c 94 e9 05 	jmp	0xbd2	; 0xbd2 <__vector_7>
      20:	0c 94 47 00 	jmp	0x8e	; 0x8e <__bad_interrupt>
      24:	0c 94 47 00 	jmp	0x8e	; 0x8e <__bad_interrupt>
      28:	0c 94 13 12 	jmp	0x2426	; 0x2426 <__vector_10>
      2c:	0c 94 ec 11 	jmp	0x23d8	; 0x23d8 <__vector_11>
      30:	0c 94 47 00 	jmp	0x8e	; 0x8e <__bad_interrupt>
      34:	0c 94 47 00 	jmp	0x8e	; 0x8e <__bad_interrupt>
      38:	0c 94 47 00 	jmp	0x8e	; 0x8e <__bad_interrupt>
      3c:	0c 94 47 00 	jmp	0x8e	; 0x8e <__bad_interrupt>
      40:	0c 94 47 00 	jmp	0x8e	; 0x8e <__bad_interrupt>
      44:	0c 94 47 00 	jmp	0x8e	; 0x8e <__bad_interrupt>
      48:	0c 94 47 00 	jmp	0x8e	; 0x8e <__bad_interrupt>
      4c:	0c 94 47 00 	jmp	0x8e	; 0x8e <__bad_interrupt>
      50:	0c 94 47 00 	jmp	0x8e	; 0x8e <__bad_interrupt>

00000054 <__ctors_end>:
      54:	11 24       	eor	r1, r1
      56:	1f be       	out	0x3f, r1	; 63
      58:	cf e5       	ldi	r28, 0x5F	; 95
      5a:	d8 e0       	ldi	r29, 0x08	; 8
      5c:	de bf       	out	0x3e, r29	; 62
      5e:	cd bf       	out	0x3d, r28	; 61

00000060 <__do_copy_data>:
      60:	12 e0       	ldi	r17, 0x02	; 2
      62:	a0 e6       	ldi	r26, 0x60	; 96
      64:	b0 e0       	ldi	r27, 0x00	; 0
      66:	e6 ed       	ldi	r30, 0xD6	; 214
      68:	f8 e2       	ldi	r31, 0x28	; 40
      6a:	02 c0       	rjmp	.+4      	; 0x70 <__do_copy_data+0x10>
      6c:	05 90       	lpm	r0, Z+
      6e:	0d 92       	st	X+, r0
      70:	a4 32       	cpi	r26, 0x24	; 36
      72:	b1 07       	cpc	r27, r17
      74:	d9 f7       	brne	.-10     	; 0x6c <__do_copy_data+0xc>

00000076 <__do_clear_bss>:
      76:	26 e0       	ldi	r18, 0x06	; 6
      78:	a4 e2       	ldi	r26, 0x24	; 36
      7a:	b2 e0       	ldi	r27, 0x02	; 2
      7c:	01 c0       	rjmp	.+2      	; 0x80 <.do_clear_bss_start>

0000007e <.do_clear_bss_loop>:
      7e:	1d 92       	st	X+, r1

00000080 <.do_clear_bss_start>:
      80:	a2 3a       	cpi	r26, 0xA2	; 162
      82:	b2 07       	cpc	r27, r18
      84:	e1 f7       	brne	.-8      	; 0x7e <.do_clear_bss_loop>
      86:	0e 94 b0 02 	call	0x560	; 0x560 <main>
      8a:	0c 94 69 14 	jmp	0x28d2	; 0x28d2 <_exit>

0000008e <__bad_interrupt>:
      8e:	0c 94 00 00 	jmp	0	; 0x0 <__vectors>

00000092 <LM35>:

u8 passwordIndex = 0;

//-------------------------------------------------------------
//-------------------------------------------------------------
void LM35(void){
      92:	cf 93       	push	r28
      94:	df 93       	push	r29
      96:	00 d0       	rcall	.+0      	; 0x98 <LM35+0x6>
      98:	00 d0       	rcall	.+0      	; 0x9a <LM35+0x8>
      9a:	cd b7       	in	r28, 0x3d	; 61
      9c:	de b7       	in	r29, 0x3e	; 62
	f32 adc = 0 ;
	f32 temp = 0 ;
      9e:	19 82       	std	Y+1, r1	; 0x01
      a0:	1a 82       	std	Y+2, r1	; 0x02
      a2:	1b 82       	std	Y+3, r1	; 0x03
      a4:	1c 82       	std	Y+4, r1	; 0x04
	
	while (1)
	{
		if (xSemaphoreTake( LCD, 100 ) == HIGH && PassCorrect)
      a6:	20 e0       	ldi	r18, 0x00	; 0
      a8:	44 e6       	ldi	r20, 0x64	; 100
      aa:	50 e0       	ldi	r21, 0x00	; 0
      ac:	60 e0       	ldi	r22, 0x00	; 0
      ae:	70 e0       	ldi	r23, 0x00	; 0
      b0:	80 91 a0 06 	lds	r24, 0x06A0	; 0x8006a0 <LCD>
      b4:	90 91 a1 06 	lds	r25, 0x06A1	; 0x8006a1 <LCD+0x1>
      b8:	0e 94 c9 07 	call	0xf92	; 0xf92 <xQueueGenericReceive>
      bc:	81 30       	cpi	r24, 0x01	; 1
      be:	e1 f5       	brne	.+120    	; 0x138 <LM35+0xa6>
      c0:	80 91 24 02 	lds	r24, 0x0224	; 0x800224 <__data_end>
      c4:	88 23       	and	r24, r24
      c6:	c1 f1       	breq	.+112    	; 0x138 <LM35+0xa6>
		{
			adc = ADC_u16ReadChannel(ADC_0) ;
      c8:	80 e0       	ldi	r24, 0x00	; 0
      ca:	0e 94 32 11 	call	0x2264	; 0x2264 <ADC_u16ReadChannel>
      ce:	bc 01       	movw	r22, r24
      d0:	80 e0       	ldi	r24, 0x00	; 0
      d2:	90 e0       	ldi	r25, 0x00	; 0
      d4:	0e 94 ea 12 	call	0x25d4	; 0x25d4 <__floatunsisf>
			temp = adc*500/1024 ;
      d8:	20 e0       	ldi	r18, 0x00	; 0
      da:	30 e0       	ldi	r19, 0x00	; 0
      dc:	4a ef       	ldi	r20, 0xFA	; 250
      de:	53 e4       	ldi	r21, 0x43	; 67
      e0:	0e 94 55 13 	call	0x26aa	; 0x26aa <__mulsf3>
      e4:	20 e0       	ldi	r18, 0x00	; 0
      e6:	30 e0       	ldi	r19, 0x00	; 0
      e8:	40 e8       	ldi	r20, 0x80	; 128
      ea:	5a e3       	ldi	r21, 0x3A	; 58
      ec:	0e 94 55 13 	call	0x26aa	; 0x26aa <__mulsf3>
      f0:	69 83       	std	Y+1, r22	; 0x01
      f2:	7a 83       	std	Y+2, r23	; 0x02
      f4:	8b 83       	std	Y+3, r24	; 0x03
      f6:	9c 83       	std	Y+4, r25	; 0x04
			xQueueSend( Queue1, &temp, 100 );
      f8:	20 e0       	ldi	r18, 0x00	; 0
      fa:	44 e6       	ldi	r20, 0x64	; 100
      fc:	50 e0       	ldi	r21, 0x00	; 0
      fe:	be 01       	movw	r22, r28
     100:	6f 5f       	subi	r22, 0xFF	; 255
     102:	7f 4f       	sbci	r23, 0xFF	; 255
     104:	80 91 9e 06 	lds	r24, 0x069E	; 0x80069e <Queue1>
     108:	90 91 9f 06 	lds	r25, 0x069F	; 0x80069f <Queue1+0x1>
     10c:	0e 94 37 07 	call	0xe6e	; 0xe6e <xQueueGenericSend>
			
			LCD_voidGotoxy(0, 1);
     110:	61 e0       	ldi	r22, 0x01	; 1
     112:	80 e0       	ldi	r24, 0x00	; 0
     114:	0e 94 d0 10 	call	0x21a0	; 0x21a0 <LCD_voidGotoxy>
			LCD_voidSendString("TEMP ");
     118:	82 e6       	ldi	r24, 0x62	; 98
     11a:	90 e0       	ldi	r25, 0x00	; 0
     11c:	0e 94 bd 10 	call	0x217a	; 0x217a <LCD_voidSendString>
			
			LCD_voidGotoxy(5, 1);
     120:	61 e0       	ldi	r22, 0x01	; 1
     122:	85 e0       	ldi	r24, 0x05	; 5
     124:	0e 94 d0 10 	call	0x21a0	; 0x21a0 <LCD_voidGotoxy>
			LCD_voidSendNumber(temp);
     128:	69 81       	ldd	r22, Y+1	; 0x01
     12a:	7a 81       	ldd	r23, Y+2	; 0x02
     12c:	8b 81       	ldd	r24, Y+3	; 0x03
     12e:	9c 81       	ldd	r25, Y+4	; 0x04
     130:	0e 94 bb 12 	call	0x2576	; 0x2576 <__fixunssfsi>
     134:	0e 94 d8 10 	call	0x21b0	; 0x21b0 <LCD_voidSendNumber>
		}
		xSemaphoreGive( LCD );
     138:	20 e0       	ldi	r18, 0x00	; 0
     13a:	40 e0       	ldi	r20, 0x00	; 0
     13c:	50 e0       	ldi	r21, 0x00	; 0
     13e:	60 e0       	ldi	r22, 0x00	; 0
     140:	70 e0       	ldi	r23, 0x00	; 0
     142:	80 91 a0 06 	lds	r24, 0x06A0	; 0x8006a0 <LCD>
     146:	90 91 a1 06 	lds	r25, 0x06A1	; 0x8006a1 <LCD+0x1>
     14a:	0e 94 37 07 	call	0xe6e	; 0xe6e <xQueueGenericSend>
		vTaskDelay(100);
     14e:	84 e6       	ldi	r24, 0x64	; 100
     150:	90 e0       	ldi	r25, 0x00	; 0
     152:	0e 94 bd 0b 	call	0x177a	; 0x177a <vTaskDelay>
	}
     156:	a7 cf       	rjmp	.-178    	; 0xa6 <LM35+0x14>

00000158 <Terminal>:
}
//-------------------------------------------------------------
void Terminal(void) {
     158:	cf 93       	push	r28
     15a:	df 93       	push	r29
     15c:	00 d0       	rcall	.+0      	; 0x15e <Terminal+0x6>
     15e:	00 d0       	rcall	.+0      	; 0x160 <Terminal+0x8>
     160:	cd b7       	in	r28, 0x3d	; 61
     162:	de b7       	in	r29, 0x3e	; 62
	u8 loginRole = 0;
   

	while (1) {
		// Check if semaphore is available
		if (xSemaphoreTake(LCD, 100) == pdTRUE) {
     164:	20 e0       	ldi	r18, 0x00	; 0
     166:	44 e6       	ldi	r20, 0x64	; 100
     168:	50 e0       	ldi	r21, 0x00	; 0
     16a:	60 e0       	ldi	r22, 0x00	; 0
     16c:	70 e0       	ldi	r23, 0x00	; 0
     16e:	80 91 a0 06 	lds	r24, 0x06A0	; 0x8006a0 <LCD>
     172:	90 91 a1 06 	lds	r25, 0x06A1	; 0x8006a1 <LCD+0x1>
     176:	0e 94 c9 07 	call	0xf92	; 0xf92 <xQueueGenericReceive>
     17a:	81 30       	cpi	r24, 0x01	; 1
     17c:	99 f7       	brne	.-26     	; 0x164 <Terminal+0xc>
			// Receive password from UART
			UART_SendString((u8 *)"\nEnter Password:");
     17e:	88 e6       	ldi	r24, 0x68	; 104
     180:	90 e0       	ldi	r25, 0x00	; 0
     182:	0e 94 4c 12 	call	0x2498	; 0x2498 <UART_SendString>
			while (passwordIndex < 4) {
     186:	00 e0       	ldi	r16, 0x00	; 0
     188:	0e c0       	rjmp	.+28     	; 0x1a6 <Terminal+0x4e>
				enteredPassword[passwordIndex++] = UART_ReceiveChar();
     18a:	ff 24       	eor	r15, r15
     18c:	f3 94       	inc	r15
     18e:	f0 0e       	add	r15, r16
     190:	10 e0       	ldi	r17, 0x00	; 0
     192:	0e 94 b7 12 	call	0x256e	; 0x256e <UART_ReceiveChar>
     196:	e1 e0       	ldi	r30, 0x01	; 1
     198:	f0 e0       	ldi	r31, 0x00	; 0
     19a:	ec 0f       	add	r30, r28
     19c:	fd 1f       	adc	r31, r29
     19e:	e0 0f       	add	r30, r16
     1a0:	f1 1f       	adc	r31, r17
     1a2:	80 83       	st	Z, r24
     1a4:	0f 2d       	mov	r16, r15
	while (1) {
		// Check if semaphore is available
		if (xSemaphoreTake(LCD, 100) == pdTRUE) {
			// Receive password from UART
			UART_SendString((u8 *)"\nEnter Password:");
			while (passwordIndex < 4) {
     1a6:	04 30       	cpi	r16, 0x04	; 4
     1a8:	80 f3       	brcs	.-32     	; 0x18a <Terminal+0x32>
			}
			passwordIndex = 0;

			// Check the login role
			//loginRole = 2;
			loginRole = VerifyAdminOrUser(enteredPassword);
     1aa:	ce 01       	movw	r24, r28
     1ac:	01 96       	adiw	r24, 0x01	; 1
     1ae:	0e 94 51 0f 	call	0x1ea2	; 0x1ea2 <VerifyAdminOrUser>
     1b2:	18 2f       	mov	r17, r24
			DebugAdminPassword();
     1b4:	0e 94 88 0e 	call	0x1d10	; 0x1d10 <DebugAdminPassword>

			if (loginRole == 1) {
     1b8:	11 30       	cpi	r17, 0x01	; 1
     1ba:	59 f4       	brne	.+22     	; 0x1d2 <Terminal+0x7a>
				// Admin mode
				LCD_voidGotoxy(0, 0);
     1bc:	60 e0       	ldi	r22, 0x00	; 0
     1be:	80 e0       	ldi	r24, 0x00	; 0
     1c0:	0e 94 d0 10 	call	0x21a0	; 0x21a0 <LCD_voidGotoxy>
				LCD_voidSendString("ADMIN MODE");
     1c4:	89 e7       	ldi	r24, 0x79	; 121
     1c6:	90 e0       	ldi	r25, 0x00	; 0
     1c8:	0e 94 bd 10 	call	0x217a	; 0x217a <LCD_voidSendString>
				AdminCommands(); // Call admin commands function
     1cc:	0e 94 c0 0f 	call	0x1f80	; 0x1f80 <AdminCommands>
     1d0:	27 c0       	rjmp	.+78     	; 0x220 <Terminal+0xc8>
				
				} else if (loginRole == 2) {
     1d2:	12 30       	cpi	r17, 0x02	; 2
     1d4:	d9 f4       	brne	.+54     	; 0x20c <Terminal+0xb4>
				// User mode
				LCD_voidGotoxy(0, 0);
     1d6:	60 e0       	ldi	r22, 0x00	; 0
     1d8:	80 e0       	ldi	r24, 0x00	; 0
     1da:	0e 94 d0 10 	call	0x21a0	; 0x21a0 <LCD_voidGotoxy>
				LCD_voidSendString("USER MODE");
     1de:	84 e8       	ldi	r24, 0x84	; 132
     1e0:	90 e0       	ldi	r25, 0x00	; 0
     1e2:	0e 94 bd 10 	call	0x217a	; 0x217a <LCD_voidSendString>
				PassCorrect = 1;
     1e6:	81 e0       	ldi	r24, 0x01	; 1
     1e8:	80 93 24 02 	sts	0x0224, r24	; 0x800224 <__data_end>
				xQueueSend(Queue2, &PassCorrect, 100);
     1ec:	20 e0       	ldi	r18, 0x00	; 0
     1ee:	44 e6       	ldi	r20, 0x64	; 100
     1f0:	50 e0       	ldi	r21, 0x00	; 0
     1f2:	64 e2       	ldi	r22, 0x24	; 36
     1f4:	72 e0       	ldi	r23, 0x02	; 2
     1f6:	80 91 9c 06 	lds	r24, 0x069C	; 0x80069c <Queue2>
     1fa:	90 91 9d 06 	lds	r25, 0x069D	; 0x80069d <Queue2+0x1>
     1fe:	0e 94 37 07 	call	0xe6e	; 0xe6e <xQueueGenericSend>
				vTaskSuspend(NULL);
     202:	80 e0       	ldi	r24, 0x00	; 0
     204:	90 e0       	ldi	r25, 0x00	; 0
     206:	0e 94 58 0c 	call	0x18b0	; 0x18b0 <vTaskSuspend>
     20a:	0a c0       	rjmp	.+20     	; 0x220 <Terminal+0xc8>
				
				} else {
				// Invalid password
				LCD_voidGotoxy(0, 0);
     20c:	60 e0       	ldi	r22, 0x00	; 0
     20e:	80 e0       	ldi	r24, 0x00	; 0
     210:	0e 94 d0 10 	call	0x21a0	; 0x21a0 <LCD_voidGotoxy>
				LCD_voidSendNumber(loginRole);
     214:	61 2f       	mov	r22, r17
     216:	70 e0       	ldi	r23, 0x00	; 0
     218:	80 e0       	ldi	r24, 0x00	; 0
     21a:	90 e0       	ldi	r25, 0x00	; 0
     21c:	0e 94 d8 10 	call	0x21b0	; 0x21b0 <LCD_voidSendNumber>
				//LCD_voidSendString("Wrong Password");
			}

			// Release semaphore
			xSemaphoreGive(LCD);
     220:	20 e0       	ldi	r18, 0x00	; 0
     222:	40 e0       	ldi	r20, 0x00	; 0
     224:	50 e0       	ldi	r21, 0x00	; 0
     226:	60 e0       	ldi	r22, 0x00	; 0
     228:	70 e0       	ldi	r23, 0x00	; 0
     22a:	80 91 a0 06 	lds	r24, 0x06A0	; 0x8006a0 <LCD>
     22e:	90 91 a1 06 	lds	r25, 0x06A1	; 0x8006a1 <LCD+0x1>
     232:	0e 94 37 07 	call	0xe6e	; 0xe6e <xQueueGenericSend>
     236:	96 cf       	rjmp	.-212    	; 0x164 <Terminal+0xc>

00000238 <Screen>:
}


//-------------------------------------------------------------
void Screen(void)
{
     238:	cf 93       	push	r28
     23a:	df 93       	push	r29
     23c:	1f 92       	push	r1
     23e:	cd b7       	in	r28, 0x3d	; 61
     240:	de b7       	in	r29, 0x3e	; 62
	u8 result;
	
	while (1)
	{
		if (xSemaphoreTake(LCD, 100) == pdTRUE)
     242:	20 e0       	ldi	r18, 0x00	; 0
     244:	44 e6       	ldi	r20, 0x64	; 100
     246:	50 e0       	ldi	r21, 0x00	; 0
     248:	60 e0       	ldi	r22, 0x00	; 0
     24a:	70 e0       	ldi	r23, 0x00	; 0
     24c:	80 91 a0 06 	lds	r24, 0x06A0	; 0x8006a0 <LCD>
     250:	90 91 a1 06 	lds	r25, 0x06A1	; 0x8006a1 <LCD+0x1>
     254:	0e 94 c9 07 	call	0xf92	; 0xf92 <xQueueGenericReceive>
     258:	81 30       	cpi	r24, 0x01	; 1
     25a:	99 f7       	brne	.-26     	; 0x242 <Screen+0xa>
		{
			
			
			if (xQueueReceive(Queue2, &result, 100) == pdTRUE)
     25c:	20 e0       	ldi	r18, 0x00	; 0
     25e:	44 e6       	ldi	r20, 0x64	; 100
     260:	50 e0       	ldi	r21, 0x00	; 0
     262:	be 01       	movw	r22, r28
     264:	6f 5f       	subi	r22, 0xFF	; 255
     266:	7f 4f       	sbci	r23, 0xFF	; 255
     268:	80 91 9c 06 	lds	r24, 0x069C	; 0x80069c <Queue2>
     26c:	90 91 9d 06 	lds	r25, 0x069D	; 0x80069d <Queue2+0x1>
     270:	0e 94 c9 07 	call	0xf92	; 0xf92 <xQueueGenericReceive>
     274:	81 30       	cpi	r24, 0x01	; 1
     276:	41 f5       	brne	.+80     	; 0x2c8 <Screen+0x90>
			{
				if (result == 1)
     278:	89 81       	ldd	r24, Y+1	; 0x01
     27a:	81 30       	cpi	r24, 0x01	; 1
     27c:	81 f4       	brne	.+32     	; 0x29e <Screen+0x66>
				{
					PassCorrect = 1;
     27e:	80 93 24 02 	sts	0x0224, r24	; 0x800224 <__data_end>
					DIO_voidSetPinVal(DIO_PORTD, DIO_PIN4, HIGH);
     282:	41 e0       	ldi	r20, 0x01	; 1
     284:	64 e0       	ldi	r22, 0x04	; 4
     286:	83 e0       	ldi	r24, 0x03	; 3
     288:	0e 94 43 11 	call	0x2286	; 0x2286 <DIO_voidSetPinVal>

					LCD_voidGotoxy(0, 0);
     28c:	60 e0       	ldi	r22, 0x00	; 0
     28e:	80 e0       	ldi	r24, 0x00	; 0
     290:	0e 94 d0 10 	call	0x21a0	; 0x21a0 <LCD_voidGotoxy>
					LCD_voidSendString("WELCOME  ");
     294:	8e e8       	ldi	r24, 0x8E	; 142
     296:	90 e0       	ldi	r25, 0x00	; 0
     298:	0e 94 bd 10 	call	0x217a	; 0x217a <LCD_voidSendString>
     29c:	15 c0       	rjmp	.+42     	; 0x2c8 <Screen+0x90>
				}
				else
				{
					LCD_voidGotoxy(0, 0);
     29e:	60 e0       	ldi	r22, 0x00	; 0
     2a0:	80 e0       	ldi	r24, 0x00	; 0
     2a2:	0e 94 d0 10 	call	0x21a0	; 0x21a0 <LCD_voidGotoxy>
					LCD_voidSendString("WRONG PASSWORD!");
     2a6:	88 e9       	ldi	r24, 0x98	; 152
     2a8:	90 e0       	ldi	r25, 0x00	; 0
     2aa:	0e 94 bd 10 	call	0x217a	; 0x217a <LCD_voidSendString>
					LCD_voidGotoxy(0, 1);
     2ae:	61 e0       	ldi	r22, 0x01	; 1
     2b0:	80 e0       	ldi	r24, 0x00	; 0
     2b2:	0e 94 d0 10 	call	0x21a0	; 0x21a0 <LCD_voidGotoxy>
					LCD_voidSendString("               ");
     2b6:	88 ea       	ldi	r24, 0xA8	; 168
     2b8:	90 e0       	ldi	r25, 0x00	; 0
     2ba:	0e 94 bd 10 	call	0x217a	; 0x217a <LCD_voidSendString>

					DIO_voidSetPinVal(DIO_PORTD, DIO_PIN5, HIGH);
     2be:	41 e0       	ldi	r20, 0x01	; 1
     2c0:	65 e0       	ldi	r22, 0x05	; 5
     2c2:	83 e0       	ldi	r24, 0x03	; 3
     2c4:	0e 94 43 11 	call	0x2286	; 0x2286 <DIO_voidSetPinVal>
				}
			}
			xSemaphoreGive(LCD);
     2c8:	20 e0       	ldi	r18, 0x00	; 0
     2ca:	40 e0       	ldi	r20, 0x00	; 0
     2cc:	50 e0       	ldi	r21, 0x00	; 0
     2ce:	60 e0       	ldi	r22, 0x00	; 0
     2d0:	70 e0       	ldi	r23, 0x00	; 0
     2d2:	80 91 a0 06 	lds	r24, 0x06A0	; 0x8006a0 <LCD>
     2d6:	90 91 a1 06 	lds	r25, 0x06A1	; 0x8006a1 <LCD+0x1>
     2da:	0e 94 37 07 	call	0xe6e	; 0xe6e <xQueueGenericSend>
			vTaskSuspend(NULL);
     2de:	80 e0       	ldi	r24, 0x00	; 0
     2e0:	90 e0       	ldi	r25, 0x00	; 0
     2e2:	0e 94 58 0c 	call	0x18b0	; 0x18b0 <vTaskSuspend>
     2e6:	ad cf       	rjmp	.-166    	; 0x242 <Screen+0xa>

000002e8 <LDR>:
	u16 adc = 0 ;
	u32 V = 0 ;
	
	while (1)
	{
		if (xSemaphoreTake( LCD, 100 ) == HIGH && PassCorrect)
     2e8:	20 e0       	ldi	r18, 0x00	; 0
     2ea:	44 e6       	ldi	r20, 0x64	; 100
     2ec:	50 e0       	ldi	r21, 0x00	; 0
     2ee:	60 e0       	ldi	r22, 0x00	; 0
     2f0:	70 e0       	ldi	r23, 0x00	; 0
     2f2:	80 91 a0 06 	lds	r24, 0x06A0	; 0x8006a0 <LCD>
     2f6:	90 91 a1 06 	lds	r25, 0x06A1	; 0x8006a1 <LCD+0x1>
     2fa:	0e 94 c9 07 	call	0xf92	; 0xf92 <xQueueGenericReceive>
     2fe:	81 30       	cpi	r24, 0x01	; 1
     300:	09 f0       	breq	.+2      	; 0x304 <LDR+0x1c>
     302:	5a c0       	rjmp	.+180    	; 0x3b8 <LDR+0xd0>
     304:	80 91 24 02 	lds	r24, 0x0224	; 0x800224 <__data_end>
     308:	88 23       	and	r24, r24
     30a:	09 f4       	brne	.+2      	; 0x30e <LDR+0x26>
     30c:	55 c0       	rjmp	.+170    	; 0x3b8 <LDR+0xd0>
		{
			adc = ADC_u16ReadChannel(ADC_1) ;
     30e:	81 e0       	ldi	r24, 0x01	; 1
     310:	0e 94 32 11 	call	0x2264	; 0x2264 <ADC_u16ReadChannel>
			V = (adc * 5) / 1023;
     314:	9c 01       	movw	r18, r24
     316:	22 0f       	add	r18, r18
     318:	33 1f       	adc	r19, r19
     31a:	22 0f       	add	r18, r18
     31c:	33 1f       	adc	r19, r19
     31e:	82 0f       	add	r24, r18
     320:	93 1f       	adc	r25, r19
     322:	6f ef       	ldi	r22, 0xFF	; 255
     324:	73 e0       	ldi	r23, 0x03	; 3
     326:	0e 94 0e 14 	call	0x281c	; 0x281c <__udivmodhi4>
			
			if (V > 3)
     32a:	64 30       	cpi	r22, 0x04	; 4
     32c:	71 05       	cpc	r23, r1
     32e:	98 f0       	brcs	.+38     	; 0x356 <LDR+0x6e>
			{
				LCD_voidGotoxy(8, 0);
     330:	60 e0       	ldi	r22, 0x00	; 0
     332:	88 e0       	ldi	r24, 0x08	; 8
     334:	0e 94 d0 10 	call	0x21a0	; 0x21a0 <LCD_voidGotoxy>
				LCD_voidSendString("NO LAMPs");
     338:	88 eb       	ldi	r24, 0xB8	; 184
     33a:	90 e0       	ldi	r25, 0x00	; 0
     33c:	0e 94 bd 10 	call	0x217a	; 0x217a <LCD_voidSendString>
				
				DIO_voidSetPinVal(DIO_PORTC, DIO_PIN6, LOW);
     340:	40 e0       	ldi	r20, 0x00	; 0
     342:	66 e0       	ldi	r22, 0x06	; 6
     344:	82 e0       	ldi	r24, 0x02	; 2
     346:	0e 94 43 11 	call	0x2286	; 0x2286 <DIO_voidSetPinVal>
				DIO_voidSetPinVal(DIO_PORTC, DIO_PIN7, LOW);
     34a:	40 e0       	ldi	r20, 0x00	; 0
     34c:	67 e0       	ldi	r22, 0x07	; 7
     34e:	82 e0       	ldi	r24, 0x02	; 2
     350:	0e 94 43 11 	call	0x2286	; 0x2286 <DIO_voidSetPinVal>
     354:	31 c0       	rjmp	.+98     	; 0x3b8 <LDR+0xd0>
			}else if(V > 1.5)
     356:	80 e0       	ldi	r24, 0x00	; 0
     358:	90 e0       	ldi	r25, 0x00	; 0
     35a:	0e 94 ea 12 	call	0x25d4	; 0x25d4 <__floatunsisf>
     35e:	20 e0       	ldi	r18, 0x00	; 0
     360:	30 e0       	ldi	r19, 0x00	; 0
     362:	40 ec       	ldi	r20, 0xC0	; 192
     364:	5f e3       	ldi	r21, 0x3F	; 63
     366:	0e 94 50 13 	call	0x26a0	; 0x26a0 <__gesf2>
     36a:	18 16       	cp	r1, r24
     36c:	9c f4       	brge	.+38     	; 0x394 <LDR+0xac>
			{
				LCD_voidGotoxy(8, 0);
     36e:	60 e0       	ldi	r22, 0x00	; 0
     370:	88 e0       	ldi	r24, 0x08	; 8
     372:	0e 94 d0 10 	call	0x21a0	; 0x21a0 <LCD_voidGotoxy>
				LCD_voidSendString("ONE LAMP");
     376:	81 ec       	ldi	r24, 0xC1	; 193
     378:	90 e0       	ldi	r25, 0x00	; 0
     37a:	0e 94 bd 10 	call	0x217a	; 0x217a <LCD_voidSendString>
				
				DIO_voidSetPinVal(DIO_PORTC, DIO_PIN6, HIGH);
     37e:	41 e0       	ldi	r20, 0x01	; 1
     380:	66 e0       	ldi	r22, 0x06	; 6
     382:	82 e0       	ldi	r24, 0x02	; 2
     384:	0e 94 43 11 	call	0x2286	; 0x2286 <DIO_voidSetPinVal>
				DIO_voidSetPinVal(DIO_PORTC, DIO_PIN7, LOW );
     388:	40 e0       	ldi	r20, 0x00	; 0
     38a:	67 e0       	ldi	r22, 0x07	; 7
     38c:	82 e0       	ldi	r24, 0x02	; 2
     38e:	0e 94 43 11 	call	0x2286	; 0x2286 <DIO_voidSetPinVal>
     392:	12 c0       	rjmp	.+36     	; 0x3b8 <LDR+0xd0>
			}else
			{
				LCD_voidGotoxy(8, 0);
     394:	60 e0       	ldi	r22, 0x00	; 0
     396:	88 e0       	ldi	r24, 0x08	; 8
     398:	0e 94 d0 10 	call	0x21a0	; 0x21a0 <LCD_voidGotoxy>
				LCD_voidSendString("TWO LAMP");
     39c:	8a ec       	ldi	r24, 0xCA	; 202
     39e:	90 e0       	ldi	r25, 0x00	; 0
     3a0:	0e 94 bd 10 	call	0x217a	; 0x217a <LCD_voidSendString>
				
				DIO_voidSetPinVal(DIO_PORTC, DIO_PIN6, HIGH);
     3a4:	41 e0       	ldi	r20, 0x01	; 1
     3a6:	66 e0       	ldi	r22, 0x06	; 6
     3a8:	82 e0       	ldi	r24, 0x02	; 2
     3aa:	0e 94 43 11 	call	0x2286	; 0x2286 <DIO_voidSetPinVal>
				DIO_voidSetPinVal(DIO_PORTC, DIO_PIN7, HIGH);
     3ae:	41 e0       	ldi	r20, 0x01	; 1
     3b0:	67 e0       	ldi	r22, 0x07	; 7
     3b2:	82 e0       	ldi	r24, 0x02	; 2
     3b4:	0e 94 43 11 	call	0x2286	; 0x2286 <DIO_voidSetPinVal>
			}
		}
		xSemaphoreGive( LCD );
     3b8:	20 e0       	ldi	r18, 0x00	; 0
     3ba:	40 e0       	ldi	r20, 0x00	; 0
     3bc:	50 e0       	ldi	r21, 0x00	; 0
     3be:	60 e0       	ldi	r22, 0x00	; 0
     3c0:	70 e0       	ldi	r23, 0x00	; 0
     3c2:	80 91 a0 06 	lds	r24, 0x06A0	; 0x8006a0 <LCD>
     3c6:	90 91 a1 06 	lds	r25, 0x06A1	; 0x8006a1 <LCD+0x1>
     3ca:	0e 94 37 07 	call	0xe6e	; 0xe6e <xQueueGenericSend>
		vTaskDelay(100);
     3ce:	84 e6       	ldi	r24, 0x64	; 100
     3d0:	90 e0       	ldi	r25, 0x00	; 0
     3d2:	0e 94 bd 0b 	call	0x177a	; 0x177a <vTaskDelay>
	}
     3d6:	88 cf       	rjmp	.-240    	; 0x2e8 <LDR>

000003d8 <FAN>:
	}
}

//-------------------------------------------------------------
void FAN(void)
{
     3d8:	cf 93       	push	r28
     3da:	df 93       	push	r29
     3dc:	00 d0       	rcall	.+0      	; 0x3de <FAN+0x6>
     3de:	00 d0       	rcall	.+0      	; 0x3e0 <FAN+0x8>
     3e0:	cd b7       	in	r28, 0x3d	; 61
     3e2:	de b7       	in	r29, 0x3e	; 62
	f32 T = 0;
     3e4:	19 82       	std	Y+1, r1	; 0x01
     3e6:	1a 82       	std	Y+2, r1	; 0x02
     3e8:	1b 82       	std	Y+3, r1	; 0x03
     3ea:	1c 82       	std	Y+4, r1	; 0x04
	
	while (1)
	{
		if (xSemaphoreTake( LCD, 100 ) == HIGH && PassCorrect)
     3ec:	20 e0       	ldi	r18, 0x00	; 0
     3ee:	44 e6       	ldi	r20, 0x64	; 100
     3f0:	50 e0       	ldi	r21, 0x00	; 0
     3f2:	60 e0       	ldi	r22, 0x00	; 0
     3f4:	70 e0       	ldi	r23, 0x00	; 0
     3f6:	80 91 a0 06 	lds	r24, 0x06A0	; 0x8006a0 <LCD>
     3fa:	90 91 a1 06 	lds	r25, 0x06A1	; 0x8006a1 <LCD+0x1>
     3fe:	0e 94 c9 07 	call	0xf92	; 0xf92 <xQueueGenericReceive>
     402:	81 30       	cpi	r24, 0x01	; 1
     404:	09 f0       	breq	.+2      	; 0x408 <__EEPROM_REGION_LENGTH__+0x8>
     406:	9c c0       	rjmp	.+312    	; 0x540 <__EEPROM_REGION_LENGTH__+0x140>
     408:	80 91 24 02 	lds	r24, 0x0224	; 0x800224 <__data_end>
     40c:	88 23       	and	r24, r24
     40e:	09 f4       	brne	.+2      	; 0x412 <__EEPROM_REGION_LENGTH__+0x12>
     410:	97 c0       	rjmp	.+302    	; 0x540 <__EEPROM_REGION_LENGTH__+0x140>
		{
			xQueueReceive( Queue1, &T, 100 );
     412:	20 e0       	ldi	r18, 0x00	; 0
     414:	44 e6       	ldi	r20, 0x64	; 100
     416:	50 e0       	ldi	r21, 0x00	; 0
     418:	be 01       	movw	r22, r28
     41a:	6f 5f       	subi	r22, 0xFF	; 255
     41c:	7f 4f       	sbci	r23, 0xFF	; 255
     41e:	80 91 9e 06 	lds	r24, 0x069E	; 0x80069e <Queue1>
     422:	90 91 9f 06 	lds	r25, 0x069F	; 0x80069f <Queue1+0x1>
     426:	0e 94 c9 07 	call	0xf92	; 0xf92 <xQueueGenericReceive>
			
			if (T>35)
     42a:	c9 80       	ldd	r12, Y+1	; 0x01
     42c:	da 80       	ldd	r13, Y+2	; 0x02
     42e:	eb 80       	ldd	r14, Y+3	; 0x03
     430:	fc 80       	ldd	r15, Y+4	; 0x04
     432:	20 e0       	ldi	r18, 0x00	; 0
     434:	30 e0       	ldi	r19, 0x00	; 0
     436:	4c e0       	ldi	r20, 0x0C	; 12
     438:	52 e4       	ldi	r21, 0x42	; 66
     43a:	c7 01       	movw	r24, r14
     43c:	b6 01       	movw	r22, r12
     43e:	0e 94 50 13 	call	0x26a0	; 0x26a0 <__gesf2>
     442:	18 16       	cp	r1, r24
     444:	d4 f4       	brge	.+52     	; 0x47a <__EEPROM_REGION_LENGTH__+0x7a>
			{
				TIMER0_voidFastPWM(100) ;
     446:	84 e6       	ldi	r24, 0x64	; 100
     448:	90 e0       	ldi	r25, 0x00	; 0
     44a:	0e 94 ca 11 	call	0x2394	; 0x2394 <TIMER0_voidFastPWM>
				
				LCD_voidGotoxy(7, 1);
     44e:	61 e0       	ldi	r22, 0x01	; 1
     450:	87 e0       	ldi	r24, 0x07	; 7
     452:	0e 94 d0 10 	call	0x21a0	; 0x21a0 <LCD_voidGotoxy>
				LCD_voidSendString(" FAN ");
     456:	83 ed       	ldi	r24, 0xD3	; 211
     458:	90 e0       	ldi	r25, 0x00	; 0
     45a:	0e 94 bd 10 	call	0x217a	; 0x217a <LCD_voidSendString>
				
				LCD_voidGotoxy(12, 1);
     45e:	61 e0       	ldi	r22, 0x01	; 1
     460:	8c e0       	ldi	r24, 0x0C	; 12
     462:	0e 94 d0 10 	call	0x21a0	; 0x21a0 <LCD_voidGotoxy>
				LCD_voidSendNumber(100);
     466:	64 e6       	ldi	r22, 0x64	; 100
     468:	70 e0       	ldi	r23, 0x00	; 0
     46a:	80 e0       	ldi	r24, 0x00	; 0
     46c:	90 e0       	ldi	r25, 0x00	; 0
     46e:	0e 94 d8 10 	call	0x21b0	; 0x21b0 <LCD_voidSendNumber>
				LCD_voidSendData('%');
     472:	85 e2       	ldi	r24, 0x25	; 37
     474:	0e 94 6a 10 	call	0x20d4	; 0x20d4 <LCD_voidSendData>
     478:	63 c0       	rjmp	.+198    	; 0x540 <__EEPROM_REGION_LENGTH__+0x140>
			}
			else if(T>30)
     47a:	20 e0       	ldi	r18, 0x00	; 0
     47c:	30 e0       	ldi	r19, 0x00	; 0
     47e:	40 ef       	ldi	r20, 0xF0	; 240
     480:	51 e4       	ldi	r21, 0x41	; 65
     482:	c7 01       	movw	r24, r14
     484:	b6 01       	movw	r22, r12
     486:	0e 94 50 13 	call	0x26a0	; 0x26a0 <__gesf2>
     48a:	18 16       	cp	r1, r24
     48c:	dc f4       	brge	.+54     	; 0x4c4 <__EEPROM_REGION_LENGTH__+0xc4>
			{
				TIMER0_voidFastPWM(70)  ;
     48e:	86 e4       	ldi	r24, 0x46	; 70
     490:	90 e0       	ldi	r25, 0x00	; 0
     492:	0e 94 ca 11 	call	0x2394	; 0x2394 <TIMER0_voidFastPWM>
				
				LCD_voidGotoxy(7, 1);
     496:	61 e0       	ldi	r22, 0x01	; 1
     498:	87 e0       	ldi	r24, 0x07	; 7
     49a:	0e 94 d0 10 	call	0x21a0	; 0x21a0 <LCD_voidGotoxy>
				LCD_voidSendString(" FAN ");
     49e:	83 ed       	ldi	r24, 0xD3	; 211
     4a0:	90 e0       	ldi	r25, 0x00	; 0
     4a2:	0e 94 bd 10 	call	0x217a	; 0x217a <LCD_voidSendString>
				
				LCD_voidGotoxy(12, 1);
     4a6:	61 e0       	ldi	r22, 0x01	; 1
     4a8:	8c e0       	ldi	r24, 0x0C	; 12
     4aa:	0e 94 d0 10 	call	0x21a0	; 0x21a0 <LCD_voidGotoxy>
				LCD_voidSendNumber(70);
     4ae:	66 e4       	ldi	r22, 0x46	; 70
     4b0:	70 e0       	ldi	r23, 0x00	; 0
     4b2:	80 e0       	ldi	r24, 0x00	; 0
     4b4:	90 e0       	ldi	r25, 0x00	; 0
     4b6:	0e 94 d8 10 	call	0x21b0	; 0x21b0 <LCD_voidSendNumber>
				LCD_voidSendString("% ");
     4ba:	89 ed       	ldi	r24, 0xD9	; 217
     4bc:	90 e0       	ldi	r25, 0x00	; 0
     4be:	0e 94 bd 10 	call	0x217a	; 0x217a <LCD_voidSendString>
     4c2:	3e c0       	rjmp	.+124    	; 0x540 <__EEPROM_REGION_LENGTH__+0x140>
			}
			else if(T>25)
     4c4:	20 e0       	ldi	r18, 0x00	; 0
     4c6:	30 e0       	ldi	r19, 0x00	; 0
     4c8:	48 ec       	ldi	r20, 0xC8	; 200
     4ca:	51 e4       	ldi	r21, 0x41	; 65
     4cc:	c7 01       	movw	r24, r14
     4ce:	b6 01       	movw	r22, r12
     4d0:	0e 94 50 13 	call	0x26a0	; 0x26a0 <__gesf2>
     4d4:	18 16       	cp	r1, r24
     4d6:	dc f4       	brge	.+54     	; 0x50e <__EEPROM_REGION_LENGTH__+0x10e>
			{
				TIMER0_voidFastPWM(30)  ;
     4d8:	8e e1       	ldi	r24, 0x1E	; 30
     4da:	90 e0       	ldi	r25, 0x00	; 0
     4dc:	0e 94 ca 11 	call	0x2394	; 0x2394 <TIMER0_voidFastPWM>
				
				LCD_voidGotoxy(7, 1);
     4e0:	61 e0       	ldi	r22, 0x01	; 1
     4e2:	87 e0       	ldi	r24, 0x07	; 7
     4e4:	0e 94 d0 10 	call	0x21a0	; 0x21a0 <LCD_voidGotoxy>
				LCD_voidSendString(" FAN ");
     4e8:	83 ed       	ldi	r24, 0xD3	; 211
     4ea:	90 e0       	ldi	r25, 0x00	; 0
     4ec:	0e 94 bd 10 	call	0x217a	; 0x217a <LCD_voidSendString>
				
				LCD_voidGotoxy(12, 1);
     4f0:	61 e0       	ldi	r22, 0x01	; 1
     4f2:	8c e0       	ldi	r24, 0x0C	; 12
     4f4:	0e 94 d0 10 	call	0x21a0	; 0x21a0 <LCD_voidGotoxy>
				LCD_voidSendNumber(30);
     4f8:	6e e1       	ldi	r22, 0x1E	; 30
     4fa:	70 e0       	ldi	r23, 0x00	; 0
     4fc:	80 e0       	ldi	r24, 0x00	; 0
     4fe:	90 e0       	ldi	r25, 0x00	; 0
     500:	0e 94 d8 10 	call	0x21b0	; 0x21b0 <LCD_voidSendNumber>
				LCD_voidSendString("% ");
     504:	89 ed       	ldi	r24, 0xD9	; 217
     506:	90 e0       	ldi	r25, 0x00	; 0
     508:	0e 94 bd 10 	call	0x217a	; 0x217a <LCD_voidSendString>
     50c:	19 c0       	rjmp	.+50     	; 0x540 <__EEPROM_REGION_LENGTH__+0x140>
			}
			else
			{
				TIMER0_voidFastPWM(0)   ;
     50e:	80 e0       	ldi	r24, 0x00	; 0
     510:	90 e0       	ldi	r25, 0x00	; 0
     512:	0e 94 ca 11 	call	0x2394	; 0x2394 <TIMER0_voidFastPWM>
				
				LCD_voidGotoxy(7, 1);
     516:	61 e0       	ldi	r22, 0x01	; 1
     518:	87 e0       	ldi	r24, 0x07	; 7
     51a:	0e 94 d0 10 	call	0x21a0	; 0x21a0 <LCD_voidGotoxy>
				LCD_voidSendString(" FAN ");
     51e:	83 ed       	ldi	r24, 0xD3	; 211
     520:	90 e0       	ldi	r25, 0x00	; 0
     522:	0e 94 bd 10 	call	0x217a	; 0x217a <LCD_voidSendString>
				
				LCD_voidGotoxy(12, 1);
     526:	61 e0       	ldi	r22, 0x01	; 1
     528:	8c e0       	ldi	r24, 0x0C	; 12
     52a:	0e 94 d0 10 	call	0x21a0	; 0x21a0 <LCD_voidGotoxy>
				LCD_voidSendNumber(0);
     52e:	60 e0       	ldi	r22, 0x00	; 0
     530:	70 e0       	ldi	r23, 0x00	; 0
     532:	cb 01       	movw	r24, r22
     534:	0e 94 d8 10 	call	0x21b0	; 0x21b0 <LCD_voidSendNumber>
				LCD_voidSendString("%  ");
     538:	8c ed       	ldi	r24, 0xDC	; 220
     53a:	90 e0       	ldi	r25, 0x00	; 0
     53c:	0e 94 bd 10 	call	0x217a	; 0x217a <LCD_voidSendString>
			}
		}
		xSemaphoreGive( LCD );
     540:	20 e0       	ldi	r18, 0x00	; 0
     542:	40 e0       	ldi	r20, 0x00	; 0
     544:	50 e0       	ldi	r21, 0x00	; 0
     546:	60 e0       	ldi	r22, 0x00	; 0
     548:	70 e0       	ldi	r23, 0x00	; 0
     54a:	80 91 a0 06 	lds	r24, 0x06A0	; 0x8006a0 <LCD>
     54e:	90 91 a1 06 	lds	r25, 0x06A1	; 0x8006a1 <LCD+0x1>
     552:	0e 94 37 07 	call	0xe6e	; 0xe6e <xQueueGenericSend>
		vTaskDelay(100);
     556:	84 e6       	ldi	r24, 0x64	; 100
     558:	90 e0       	ldi	r25, 0x00	; 0
     55a:	0e 94 bd 0b 	call	0x177a	; 0x177a <vTaskDelay>
	}
     55e:	46 cf       	rjmp	.-372    	; 0x3ec <FAN+0x14>

00000560 <main>:
}

//-------------------------------------------------------------
//-------------------------------------------------------------
int main(void)
{
     560:	ef 92       	push	r14
     562:	ff 92       	push	r15
     564:	0f 93       	push	r16
	//Directions 
	DIO_voidSetPortDir(DIO_PORTA, 0xF0); // 4->7 output 0b11110000
     566:	60 ef       	ldi	r22, 0xF0	; 240
     568:	80 e0       	ldi	r24, 0x00	; 0
     56a:	0e 94 b6 11 	call	0x236c	; 0x236c <DIO_voidSetPortDir>
	DIO_voidSetPortDir(DIO_PORTB, 0xFF); // all out
     56e:	6f ef       	ldi	r22, 0xFF	; 255
     570:	81 e0       	ldi	r24, 0x01	; 1
     572:	0e 94 b6 11 	call	0x236c	; 0x236c <DIO_voidSetPortDir>
	DIO_voidSetPortDir(DIO_PORTC, 0xFF); // all out
     576:	6f ef       	ldi	r22, 0xFF	; 255
     578:	82 e0       	ldi	r24, 0x02	; 2
     57a:	0e 94 b6 11 	call	0x236c	; 0x236c <DIO_voidSetPortDir>
	DIO_voidSetPortDir(DIO_PORTD, 0xF0); //4->7 output 0b11110000
     57e:	60 ef       	ldi	r22, 0xF0	; 240
     580:	83 e0       	ldi	r24, 0x03	; 3
     582:	0e 94 b6 11 	call	0x236c	; 0x236c <DIO_voidSetPortDir>
	
	//Create Tasks
	xTaskCreate(LM35	, "LM35"    , 100, NULL, 5, NULL);
     586:	e1 2c       	mov	r14, r1
     588:	f1 2c       	mov	r15, r1
     58a:	05 e0       	ldi	r16, 0x05	; 5
     58c:	20 e0       	ldi	r18, 0x00	; 0
     58e:	30 e0       	ldi	r19, 0x00	; 0
     590:	44 e6       	ldi	r20, 0x64	; 100
     592:	50 e0       	ldi	r21, 0x00	; 0
     594:	60 ee       	ldi	r22, 0xE0	; 224
     596:	70 e0       	ldi	r23, 0x00	; 0
     598:	89 e4       	ldi	r24, 0x49	; 73
     59a:	90 e0       	ldi	r25, 0x00	; 0
     59c:	0e 94 0d 0a 	call	0x141a	; 0x141a <xTaskCreate>
	xTaskCreate(Screen	, "Screen"  , 100, NULL, 6, NULL);
     5a0:	06 e0       	ldi	r16, 0x06	; 6
     5a2:	20 e0       	ldi	r18, 0x00	; 0
     5a4:	30 e0       	ldi	r19, 0x00	; 0
     5a6:	44 e6       	ldi	r20, 0x64	; 100
     5a8:	50 e0       	ldi	r21, 0x00	; 0
     5aa:	65 ee       	ldi	r22, 0xE5	; 229
     5ac:	70 e0       	ldi	r23, 0x00	; 0
     5ae:	8c e1       	ldi	r24, 0x1C	; 28
     5b0:	91 e0       	ldi	r25, 0x01	; 1
     5b2:	0e 94 0d 0a 	call	0x141a	; 0x141a <xTaskCreate>
	xTaskCreate(Terminal, "Terminal", 100, NULL, 7, NULL);
     5b6:	07 e0       	ldi	r16, 0x07	; 7
     5b8:	20 e0       	ldi	r18, 0x00	; 0
     5ba:	30 e0       	ldi	r19, 0x00	; 0
     5bc:	44 e6       	ldi	r20, 0x64	; 100
     5be:	50 e0       	ldi	r21, 0x00	; 0
     5c0:	6c ee       	ldi	r22, 0xEC	; 236
     5c2:	70 e0       	ldi	r23, 0x00	; 0
     5c4:	8c ea       	ldi	r24, 0xAC	; 172
     5c6:	90 e0       	ldi	r25, 0x00	; 0
     5c8:	0e 94 0d 0a 	call	0x141a	; 0x141a <xTaskCreate>
	xTaskCreate(FAN		, "FAN"		, 100, NULL, 4, NULL);
     5cc:	04 e0       	ldi	r16, 0x04	; 4
     5ce:	20 e0       	ldi	r18, 0x00	; 0
     5d0:	30 e0       	ldi	r19, 0x00	; 0
     5d2:	44 e6       	ldi	r20, 0x64	; 100
     5d4:	50 e0       	ldi	r21, 0x00	; 0
     5d6:	65 ef       	ldi	r22, 0xF5	; 245
     5d8:	70 e0       	ldi	r23, 0x00	; 0
     5da:	8c ee       	ldi	r24, 0xEC	; 236
     5dc:	91 e0       	ldi	r25, 0x01	; 1
     5de:	0e 94 0d 0a 	call	0x141a	; 0x141a <xTaskCreate>
	xTaskCreate(LDR		, "LDR"		, 100, NULL, 3, NULL);
     5e2:	03 e0       	ldi	r16, 0x03	; 3
     5e4:	20 e0       	ldi	r18, 0x00	; 0
     5e6:	30 e0       	ldi	r19, 0x00	; 0
     5e8:	44 e6       	ldi	r20, 0x64	; 100
     5ea:	50 e0       	ldi	r21, 0x00	; 0
     5ec:	69 ef       	ldi	r22, 0xF9	; 249
     5ee:	70 e0       	ldi	r23, 0x00	; 0
     5f0:	84 e7       	ldi	r24, 0x74	; 116
     5f2:	91 e0       	ldi	r25, 0x01	; 1
     5f4:	0e 94 0d 0a 	call	0x141a	; 0x141a <xTaskCreate>
	
	//Initialization of Peripherals
	GI_voidEnable();
     5f8:	0e 94 c6 11 	call	0x238c	; 0x238c <GI_voidEnable>
	UART_Init(9600);
     5fc:	80 e8       	ldi	r24, 0x80	; 128
     5fe:	95 e2       	ldi	r25, 0x25	; 37
     600:	0e 94 3a 12 	call	0x2474	; 0x2474 <UART_Init>
	LCD_voidInit();
     604:	0e 94 9e 10 	call	0x213c	; 0x213c <LCD_voidInit>
	ADC_voidInit();
     608:	0e 94 22 11 	call	0x2244	; 0x2244 <ADC_voidInit>
	TWI_Init();
     60c:	0e 94 fc 0d 	call	0x1bf8	; 0x1bf8 <TWI_Init>
	WriteAdminPassword();
     610:	0e 94 23 0e 	call	0x1c46	; 0x1c46 <WriteAdminPassword>
	
	// Create Semaphore
	LCD = xSemaphoreCreateBinary();
     614:	43 e0       	ldi	r20, 0x03	; 3
     616:	60 e0       	ldi	r22, 0x00	; 0
     618:	81 e0       	ldi	r24, 0x01	; 1
     61a:	0e 94 0d 07 	call	0xe1a	; 0xe1a <xQueueGenericCreate>
     61e:	90 93 a1 06 	sts	0x06A1, r25	; 0x8006a1 <LCD+0x1>
     622:	80 93 a0 06 	sts	0x06A0, r24	; 0x8006a0 <LCD>
	xSemaphoreGive(LCD);
     626:	20 e0       	ldi	r18, 0x00	; 0
     628:	40 e0       	ldi	r20, 0x00	; 0
     62a:	50 e0       	ldi	r21, 0x00	; 0
     62c:	60 e0       	ldi	r22, 0x00	; 0
     62e:	70 e0       	ldi	r23, 0x00	; 0
     630:	0e 94 37 07 	call	0xe6e	; 0xe6e <xQueueGenericSend>
	
	// Create Queues
	Queue1 = xQueueCreate( 1, sizeof( f32 ) ); 
     634:	40 e0       	ldi	r20, 0x00	; 0
     636:	64 e0       	ldi	r22, 0x04	; 4
     638:	81 e0       	ldi	r24, 0x01	; 1
     63a:	0e 94 0d 07 	call	0xe1a	; 0xe1a <xQueueGenericCreate>
     63e:	90 93 9f 06 	sts	0x069F, r25	; 0x80069f <Queue1+0x1>
     642:	80 93 9e 06 	sts	0x069E, r24	; 0x80069e <Queue1>
	Queue2 = xQueueCreate( 1, sizeof( u8  ) );
     646:	40 e0       	ldi	r20, 0x00	; 0
     648:	61 e0       	ldi	r22, 0x01	; 1
     64a:	81 e0       	ldi	r24, 0x01	; 1
     64c:	0e 94 0d 07 	call	0xe1a	; 0xe1a <xQueueGenericCreate>
     650:	90 93 9d 06 	sts	0x069D, r25	; 0x80069d <Queue2+0x1>
     654:	80 93 9c 06 	sts	0x069C, r24	; 0x80069c <Queue2>
	
	// Start Code
	//LCD_voidGotoxy(0, 0);
	//LCD_voidSendString("");
	
	LCD_voidGotoxy(0, 1);
     658:	61 e0       	ldi	r22, 0x01	; 1
     65a:	80 e0       	ldi	r24, 0x00	; 0
     65c:	0e 94 d0 10 	call	0x21a0	; 0x21a0 <LCD_voidGotoxy>
	LCD_voidSendString("ENTER PASSWORD!");
     660:	8d ef       	ldi	r24, 0xFD	; 253
     662:	90 e0       	ldi	r25, 0x00	; 0
     664:	0e 94 bd 10 	call	0x217a	; 0x217a <LCD_voidSendString>
	
	// Start Scheduler
	vTaskStartScheduler();
     668:	0e 94 61 0a 	call	0x14c2	; 0x14c2 <vTaskStartScheduler>
}
     66c:	80 e0       	ldi	r24, 0x00	; 0
     66e:	90 e0       	ldi	r25, 0x00	; 0
     670:	0f 91       	pop	r16
     672:	ff 90       	pop	r15
     674:	ef 90       	pop	r14
     676:	08 95       	ret

00000678 <prvHeapInit>:
     678:	ea e2       	ldi	r30, 0x2A	; 42
     67a:	f2 e0       	ldi	r31, 0x02	; 2
     67c:	8f e2       	ldi	r24, 0x2F	; 47
     67e:	92 e0       	ldi	r25, 0x02	; 2
     680:	91 83       	std	Z+1, r25	; 0x01
     682:	80 83       	st	Z, r24
     684:	13 82       	std	Z+3, r1	; 0x03
     686:	12 82       	std	Z+2, r1	; 0x02
     688:	e6 e2       	ldi	r30, 0x26	; 38
     68a:	f2 e0       	ldi	r31, 0x02	; 2
     68c:	87 ee       	ldi	r24, 0xE7	; 231
     68e:	93 e0       	ldi	r25, 0x03	; 3
     690:	93 83       	std	Z+3, r25	; 0x03
     692:	82 83       	std	Z+2, r24	; 0x02
     694:	11 82       	std	Z+1, r1	; 0x01
     696:	10 82       	st	Z, r1
     698:	ae e2       	ldi	r26, 0x2E	; 46
     69a:	b2 e0       	ldi	r27, 0x02	; 2
     69c:	14 96       	adiw	r26, 0x04	; 4
     69e:	9c 93       	st	X, r25
     6a0:	8e 93       	st	-X, r24
     6a2:	13 97       	sbiw	r26, 0x03	; 3
     6a4:	12 96       	adiw	r26, 0x02	; 2
     6a6:	fc 93       	st	X, r31
     6a8:	ee 93       	st	-X, r30
     6aa:	11 97       	sbiw	r26, 0x01	; 1
     6ac:	08 95       	ret

000006ae <pvPortMalloc>:
     6ae:	0f 93       	push	r16
     6b0:	1f 93       	push	r17
     6b2:	cf 93       	push	r28
     6b4:	df 93       	push	r29
     6b6:	ec 01       	movw	r28, r24
     6b8:	0e 94 8b 0a 	call	0x1516	; 0x1516 <vTaskSuspendAll>
     6bc:	80 91 25 02 	lds	r24, 0x0225	; 0x800225 <xHeapHasBeenInitialised.2079>
     6c0:	81 11       	cpse	r24, r1
     6c2:	05 c0       	rjmp	.+10     	; 0x6ce <pvPortMalloc+0x20>
     6c4:	0e 94 3c 03 	call	0x678	; 0x678 <prvHeapInit>
     6c8:	81 e0       	ldi	r24, 0x01	; 1
     6ca:	80 93 25 02 	sts	0x0225, r24	; 0x800225 <xHeapHasBeenInitialised.2079>
     6ce:	20 97       	sbiw	r28, 0x00	; 0
     6d0:	09 f0       	breq	.+2      	; 0x6d4 <pvPortMalloc+0x26>
     6d2:	24 96       	adiw	r28, 0x04	; 4
     6d4:	ce 01       	movw	r24, r28
     6d6:	01 97       	sbiw	r24, 0x01	; 1
     6d8:	86 3e       	cpi	r24, 0xE6	; 230
     6da:	93 40       	sbci	r25, 0x03	; 3
     6dc:	08 f0       	brcs	.+2      	; 0x6e0 <pvPortMalloc+0x32>
     6de:	56 c0       	rjmp	.+172    	; 0x78c <pvPortMalloc+0xde>
     6e0:	e0 91 2a 02 	lds	r30, 0x022A	; 0x80022a <xStart>
     6e4:	f0 91 2b 02 	lds	r31, 0x022B	; 0x80022b <xStart+0x1>
     6e8:	aa e2       	ldi	r26, 0x2A	; 42
     6ea:	b2 e0       	ldi	r27, 0x02	; 2
     6ec:	02 c0       	rjmp	.+4      	; 0x6f2 <pvPortMalloc+0x44>
     6ee:	df 01       	movw	r26, r30
     6f0:	fc 01       	movw	r30, r24
     6f2:	82 81       	ldd	r24, Z+2	; 0x02
     6f4:	93 81       	ldd	r25, Z+3	; 0x03
     6f6:	8c 17       	cp	r24, r28
     6f8:	9d 07       	cpc	r25, r29
     6fa:	20 f4       	brcc	.+8      	; 0x704 <pvPortMalloc+0x56>
     6fc:	80 81       	ld	r24, Z
     6fe:	91 81       	ldd	r25, Z+1	; 0x01
     700:	00 97       	sbiw	r24, 0x00	; 0
     702:	a9 f7       	brne	.-22     	; 0x6ee <pvPortMalloc+0x40>
     704:	82 e0       	ldi	r24, 0x02	; 2
     706:	e6 32       	cpi	r30, 0x26	; 38
     708:	f8 07       	cpc	r31, r24
     70a:	09 f4       	brne	.+2      	; 0x70e <pvPortMalloc+0x60>
     70c:	42 c0       	rjmp	.+132    	; 0x792 <pvPortMalloc+0xe4>
     70e:	0d 91       	ld	r16, X+
     710:	1c 91       	ld	r17, X
     712:	11 97       	sbiw	r26, 0x01	; 1
     714:	0c 5f       	subi	r16, 0xFC	; 252
     716:	1f 4f       	sbci	r17, 0xFF	; 255
     718:	80 81       	ld	r24, Z
     71a:	91 81       	ldd	r25, Z+1	; 0x01
     71c:	8d 93       	st	X+, r24
     71e:	9c 93       	st	X, r25
     720:	82 81       	ldd	r24, Z+2	; 0x02
     722:	93 81       	ldd	r25, Z+3	; 0x03
     724:	8c 1b       	sub	r24, r28
     726:	9d 0b       	sbc	r25, r29
     728:	89 30       	cpi	r24, 0x09	; 9
     72a:	91 05       	cpc	r25, r1
     72c:	10 f1       	brcs	.+68     	; 0x772 <pvPortMalloc+0xc4>
     72e:	af 01       	movw	r20, r30
     730:	4c 0f       	add	r20, r28
     732:	5d 1f       	adc	r21, r29
     734:	da 01       	movw	r26, r20
     736:	13 96       	adiw	r26, 0x03	; 3
     738:	9c 93       	st	X, r25
     73a:	8e 93       	st	-X, r24
     73c:	12 97       	sbiw	r26, 0x02	; 2
     73e:	d3 83       	std	Z+3, r29	; 0x03
     740:	c2 83       	std	Z+2, r28	; 0x02
     742:	12 96       	adiw	r26, 0x02	; 2
     744:	2d 91       	ld	r18, X+
     746:	3c 91       	ld	r19, X
     748:	13 97       	sbiw	r26, 0x03	; 3
     74a:	6a e2       	ldi	r22, 0x2A	; 42
     74c:	72 e0       	ldi	r23, 0x02	; 2
     74e:	01 c0       	rjmp	.+2      	; 0x752 <pvPortMalloc+0xa4>
     750:	bd 01       	movw	r22, r26
     752:	eb 01       	movw	r28, r22
     754:	a8 81       	ld	r26, Y
     756:	b9 81       	ldd	r27, Y+1	; 0x01
     758:	12 96       	adiw	r26, 0x02	; 2
     75a:	8d 91       	ld	r24, X+
     75c:	9c 91       	ld	r25, X
     75e:	13 97       	sbiw	r26, 0x03	; 3
     760:	82 17       	cp	r24, r18
     762:	93 07       	cpc	r25, r19
     764:	a8 f3       	brcs	.-22     	; 0x750 <pvPortMalloc+0xa2>
     766:	ea 01       	movw	r28, r20
     768:	b9 83       	std	Y+1, r27	; 0x01
     76a:	a8 83       	st	Y, r26
     76c:	db 01       	movw	r26, r22
     76e:	4d 93       	st	X+, r20
     770:	5c 93       	st	X, r21
     772:	22 81       	ldd	r18, Z+2	; 0x02
     774:	33 81       	ldd	r19, Z+3	; 0x03
     776:	80 91 60 00 	lds	r24, 0x0060	; 0x800060 <__DATA_REGION_ORIGIN__>
     77a:	90 91 61 00 	lds	r25, 0x0061	; 0x800061 <__DATA_REGION_ORIGIN__+0x1>
     77e:	82 1b       	sub	r24, r18
     780:	93 0b       	sbc	r25, r19
     782:	90 93 61 00 	sts	0x0061, r25	; 0x800061 <__DATA_REGION_ORIGIN__+0x1>
     786:	80 93 60 00 	sts	0x0060, r24	; 0x800060 <__DATA_REGION_ORIGIN__>
     78a:	05 c0       	rjmp	.+10     	; 0x796 <pvPortMalloc+0xe8>
     78c:	00 e0       	ldi	r16, 0x00	; 0
     78e:	10 e0       	ldi	r17, 0x00	; 0
     790:	02 c0       	rjmp	.+4      	; 0x796 <pvPortMalloc+0xe8>
     792:	00 e0       	ldi	r16, 0x00	; 0
     794:	10 e0       	ldi	r17, 0x00	; 0
     796:	0e 94 4b 0b 	call	0x1696	; 0x1696 <xTaskResumeAll>
     79a:	c8 01       	movw	r24, r16
     79c:	df 91       	pop	r29
     79e:	cf 91       	pop	r28
     7a0:	1f 91       	pop	r17
     7a2:	0f 91       	pop	r16
     7a4:	08 95       	ret

000007a6 <vPortFree>:
     7a6:	0f 93       	push	r16
     7a8:	1f 93       	push	r17
     7aa:	cf 93       	push	r28
     7ac:	df 93       	push	r29
     7ae:	00 97       	sbiw	r24, 0x00	; 0
     7b0:	41 f1       	breq	.+80     	; 0x802 <__DATA_REGION_LENGTH__+0x2>
     7b2:	ec 01       	movw	r28, r24
     7b4:	8c 01       	movw	r16, r24
     7b6:	04 50       	subi	r16, 0x04	; 4
     7b8:	11 09       	sbc	r17, r1
     7ba:	0e 94 8b 0a 	call	0x1516	; 0x1516 <vTaskSuspendAll>
     7be:	f8 01       	movw	r30, r16
     7c0:	42 81       	ldd	r20, Z+2	; 0x02
     7c2:	53 81       	ldd	r21, Z+3	; 0x03
     7c4:	aa e2       	ldi	r26, 0x2A	; 42
     7c6:	b2 e0       	ldi	r27, 0x02	; 2
     7c8:	01 c0       	rjmp	.+2      	; 0x7cc <vPortFree+0x26>
     7ca:	df 01       	movw	r26, r30
     7cc:	ed 91       	ld	r30, X+
     7ce:	fc 91       	ld	r31, X
     7d0:	11 97       	sbiw	r26, 0x01	; 1
     7d2:	22 81       	ldd	r18, Z+2	; 0x02
     7d4:	33 81       	ldd	r19, Z+3	; 0x03
     7d6:	24 17       	cp	r18, r20
     7d8:	35 07       	cpc	r19, r21
     7da:	b8 f3       	brcs	.-18     	; 0x7ca <vPortFree+0x24>
     7dc:	24 97       	sbiw	r28, 0x04	; 4
     7de:	f9 83       	std	Y+1, r31	; 0x01
     7e0:	e8 83       	st	Y, r30
     7e2:	0d 93       	st	X+, r16
     7e4:	1c 93       	st	X, r17
     7e6:	8a 81       	ldd	r24, Y+2	; 0x02
     7e8:	9b 81       	ldd	r25, Y+3	; 0x03
     7ea:	20 91 60 00 	lds	r18, 0x0060	; 0x800060 <__DATA_REGION_ORIGIN__>
     7ee:	30 91 61 00 	lds	r19, 0x0061	; 0x800061 <__DATA_REGION_ORIGIN__+0x1>
     7f2:	82 0f       	add	r24, r18
     7f4:	93 1f       	adc	r25, r19
     7f6:	90 93 61 00 	sts	0x0061, r25	; 0x800061 <__DATA_REGION_ORIGIN__+0x1>
     7fa:	80 93 60 00 	sts	0x0060, r24	; 0x800060 <__DATA_REGION_ORIGIN__>
     7fe:	0e 94 4b 0b 	call	0x1696	; 0x1696 <xTaskResumeAll>
     802:	df 91       	pop	r29
     804:	cf 91       	pop	r28
     806:	1f 91       	pop	r17
     808:	0f 91       	pop	r16
     80a:	08 95       	ret

0000080c <vListInitialise>:
     80c:	fc 01       	movw	r30, r24
     80e:	03 96       	adiw	r24, 0x03	; 3
     810:	92 83       	std	Z+2, r25	; 0x02
     812:	81 83       	std	Z+1, r24	; 0x01
     814:	2f ef       	ldi	r18, 0xFF	; 255
     816:	3f ef       	ldi	r19, 0xFF	; 255
     818:	34 83       	std	Z+4, r19	; 0x04
     81a:	23 83       	std	Z+3, r18	; 0x03
     81c:	96 83       	std	Z+6, r25	; 0x06
     81e:	85 83       	std	Z+5, r24	; 0x05
     820:	90 87       	std	Z+8, r25	; 0x08
     822:	87 83       	std	Z+7, r24	; 0x07
     824:	10 82       	st	Z, r1
     826:	08 95       	ret

00000828 <vListInitialiseItem>:
     828:	fc 01       	movw	r30, r24
     82a:	11 86       	std	Z+9, r1	; 0x09
     82c:	10 86       	std	Z+8, r1	; 0x08
     82e:	08 95       	ret

00000830 <vListInsertEnd>:
     830:	cf 93       	push	r28
     832:	df 93       	push	r29
     834:	9c 01       	movw	r18, r24
     836:	fb 01       	movw	r30, r22
     838:	dc 01       	movw	r26, r24
     83a:	11 96       	adiw	r26, 0x01	; 1
     83c:	cd 91       	ld	r28, X+
     83e:	dc 91       	ld	r29, X
     840:	12 97       	sbiw	r26, 0x02	; 2
     842:	d3 83       	std	Z+3, r29	; 0x03
     844:	c2 83       	std	Z+2, r28	; 0x02
     846:	8c 81       	ldd	r24, Y+4	; 0x04
     848:	9d 81       	ldd	r25, Y+5	; 0x05
     84a:	95 83       	std	Z+5, r25	; 0x05
     84c:	84 83       	std	Z+4, r24	; 0x04
     84e:	8c 81       	ldd	r24, Y+4	; 0x04
     850:	9d 81       	ldd	r25, Y+5	; 0x05
     852:	dc 01       	movw	r26, r24
     854:	13 96       	adiw	r26, 0x03	; 3
     856:	7c 93       	st	X, r23
     858:	6e 93       	st	-X, r22
     85a:	12 97       	sbiw	r26, 0x02	; 2
     85c:	7d 83       	std	Y+5, r23	; 0x05
     85e:	6c 83       	std	Y+4, r22	; 0x04
     860:	31 87       	std	Z+9, r19	; 0x09
     862:	20 87       	std	Z+8, r18	; 0x08
     864:	f9 01       	movw	r30, r18
     866:	80 81       	ld	r24, Z
     868:	8f 5f       	subi	r24, 0xFF	; 255
     86a:	80 83       	st	Z, r24
     86c:	df 91       	pop	r29
     86e:	cf 91       	pop	r28
     870:	08 95       	ret

00000872 <vListInsert>:
     872:	cf 93       	push	r28
     874:	df 93       	push	r29
     876:	eb 01       	movw	r28, r22
     878:	48 81       	ld	r20, Y
     87a:	59 81       	ldd	r21, Y+1	; 0x01
     87c:	4f 3f       	cpi	r20, 0xFF	; 255
     87e:	2f ef       	ldi	r18, 0xFF	; 255
     880:	52 07       	cpc	r21, r18
     882:	21 f4       	brne	.+8      	; 0x88c <vListInsert+0x1a>
     884:	fc 01       	movw	r30, r24
     886:	a7 81       	ldd	r26, Z+7	; 0x07
     888:	b0 85       	ldd	r27, Z+8	; 0x08
     88a:	0d c0       	rjmp	.+26     	; 0x8a6 <vListInsert+0x34>
     88c:	dc 01       	movw	r26, r24
     88e:	13 96       	adiw	r26, 0x03	; 3
     890:	01 c0       	rjmp	.+2      	; 0x894 <vListInsert+0x22>
     892:	df 01       	movw	r26, r30
     894:	12 96       	adiw	r26, 0x02	; 2
     896:	ed 91       	ld	r30, X+
     898:	fc 91       	ld	r31, X
     89a:	13 97       	sbiw	r26, 0x03	; 3
     89c:	20 81       	ld	r18, Z
     89e:	31 81       	ldd	r19, Z+1	; 0x01
     8a0:	42 17       	cp	r20, r18
     8a2:	53 07       	cpc	r21, r19
     8a4:	b0 f7       	brcc	.-20     	; 0x892 <vListInsert+0x20>
     8a6:	12 96       	adiw	r26, 0x02	; 2
     8a8:	ed 91       	ld	r30, X+
     8aa:	fc 91       	ld	r31, X
     8ac:	13 97       	sbiw	r26, 0x03	; 3
     8ae:	fb 83       	std	Y+3, r31	; 0x03
     8b0:	ea 83       	std	Y+2, r30	; 0x02
     8b2:	d5 83       	std	Z+5, r29	; 0x05
     8b4:	c4 83       	std	Z+4, r28	; 0x04
     8b6:	bd 83       	std	Y+5, r27	; 0x05
     8b8:	ac 83       	std	Y+4, r26	; 0x04
     8ba:	13 96       	adiw	r26, 0x03	; 3
     8bc:	dc 93       	st	X, r29
     8be:	ce 93       	st	-X, r28
     8c0:	12 97       	sbiw	r26, 0x02	; 2
     8c2:	99 87       	std	Y+9, r25	; 0x09
     8c4:	88 87       	std	Y+8, r24	; 0x08
     8c6:	fc 01       	movw	r30, r24
     8c8:	20 81       	ld	r18, Z
     8ca:	2f 5f       	subi	r18, 0xFF	; 255
     8cc:	20 83       	st	Z, r18
     8ce:	df 91       	pop	r29
     8d0:	cf 91       	pop	r28
     8d2:	08 95       	ret

000008d4 <uxListRemove>:
     8d4:	cf 93       	push	r28
     8d6:	df 93       	push	r29
     8d8:	fc 01       	movw	r30, r24
     8da:	a0 85       	ldd	r26, Z+8	; 0x08
     8dc:	b1 85       	ldd	r27, Z+9	; 0x09
     8de:	c2 81       	ldd	r28, Z+2	; 0x02
     8e0:	d3 81       	ldd	r29, Z+3	; 0x03
     8e2:	84 81       	ldd	r24, Z+4	; 0x04
     8e4:	95 81       	ldd	r25, Z+5	; 0x05
     8e6:	9d 83       	std	Y+5, r25	; 0x05
     8e8:	8c 83       	std	Y+4, r24	; 0x04
     8ea:	c4 81       	ldd	r28, Z+4	; 0x04
     8ec:	d5 81       	ldd	r29, Z+5	; 0x05
     8ee:	82 81       	ldd	r24, Z+2	; 0x02
     8f0:	93 81       	ldd	r25, Z+3	; 0x03
     8f2:	9b 83       	std	Y+3, r25	; 0x03
     8f4:	8a 83       	std	Y+2, r24	; 0x02
     8f6:	11 96       	adiw	r26, 0x01	; 1
     8f8:	8d 91       	ld	r24, X+
     8fa:	9c 91       	ld	r25, X
     8fc:	12 97       	sbiw	r26, 0x02	; 2
     8fe:	e8 17       	cp	r30, r24
     900:	f9 07       	cpc	r31, r25
     902:	31 f4       	brne	.+12     	; 0x910 <uxListRemove+0x3c>
     904:	84 81       	ldd	r24, Z+4	; 0x04
     906:	95 81       	ldd	r25, Z+5	; 0x05
     908:	12 96       	adiw	r26, 0x02	; 2
     90a:	9c 93       	st	X, r25
     90c:	8e 93       	st	-X, r24
     90e:	11 97       	sbiw	r26, 0x01	; 1
     910:	11 86       	std	Z+9, r1	; 0x09
     912:	10 86       	std	Z+8, r1	; 0x08
     914:	8c 91       	ld	r24, X
     916:	81 50       	subi	r24, 0x01	; 1
     918:	8c 93       	st	X, r24
     91a:	df 91       	pop	r29
     91c:	cf 91       	pop	r28
     91e:	08 95       	ret

00000920 <prvSetupTimerInterrupt>:
     920:	1b bc       	out	0x2b, r1	; 43
     922:	89 ef       	ldi	r24, 0xF9	; 249
     924:	8a bd       	out	0x2a, r24	; 42
     926:	8b e0       	ldi	r24, 0x0B	; 11
     928:	8e bd       	out	0x2e, r24	; 46
     92a:	89 b7       	in	r24, 0x39	; 57
     92c:	80 61       	ori	r24, 0x10	; 16
     92e:	89 bf       	out	0x39, r24	; 57
     930:	08 95       	ret

00000932 <pxPortInitialiseStack>:
     932:	31 e1       	ldi	r19, 0x11	; 17
     934:	fc 01       	movw	r30, r24
     936:	30 83       	st	Z, r19
     938:	31 97       	sbiw	r30, 0x01	; 1
     93a:	22 e2       	ldi	r18, 0x22	; 34
     93c:	20 83       	st	Z, r18
     93e:	31 97       	sbiw	r30, 0x01	; 1
     940:	a3 e3       	ldi	r26, 0x33	; 51
     942:	a0 83       	st	Z, r26
     944:	31 97       	sbiw	r30, 0x01	; 1
     946:	60 83       	st	Z, r22
     948:	31 97       	sbiw	r30, 0x01	; 1
     94a:	70 83       	st	Z, r23
     94c:	31 97       	sbiw	r30, 0x01	; 1
     94e:	10 82       	st	Z, r1
     950:	31 97       	sbiw	r30, 0x01	; 1
     952:	60 e8       	ldi	r22, 0x80	; 128
     954:	60 83       	st	Z, r22
     956:	31 97       	sbiw	r30, 0x01	; 1
     958:	10 82       	st	Z, r1
     95a:	31 97       	sbiw	r30, 0x01	; 1
     95c:	62 e0       	ldi	r22, 0x02	; 2
     95e:	60 83       	st	Z, r22
     960:	31 97       	sbiw	r30, 0x01	; 1
     962:	63 e0       	ldi	r22, 0x03	; 3
     964:	60 83       	st	Z, r22
     966:	31 97       	sbiw	r30, 0x01	; 1
     968:	64 e0       	ldi	r22, 0x04	; 4
     96a:	60 83       	st	Z, r22
     96c:	31 97       	sbiw	r30, 0x01	; 1
     96e:	65 e0       	ldi	r22, 0x05	; 5
     970:	60 83       	st	Z, r22
     972:	31 97       	sbiw	r30, 0x01	; 1
     974:	66 e0       	ldi	r22, 0x06	; 6
     976:	60 83       	st	Z, r22
     978:	31 97       	sbiw	r30, 0x01	; 1
     97a:	67 e0       	ldi	r22, 0x07	; 7
     97c:	60 83       	st	Z, r22
     97e:	31 97       	sbiw	r30, 0x01	; 1
     980:	68 e0       	ldi	r22, 0x08	; 8
     982:	60 83       	st	Z, r22
     984:	31 97       	sbiw	r30, 0x01	; 1
     986:	69 e0       	ldi	r22, 0x09	; 9
     988:	60 83       	st	Z, r22
     98a:	31 97       	sbiw	r30, 0x01	; 1
     98c:	60 e1       	ldi	r22, 0x10	; 16
     98e:	60 83       	st	Z, r22
     990:	31 97       	sbiw	r30, 0x01	; 1
     992:	30 83       	st	Z, r19
     994:	31 97       	sbiw	r30, 0x01	; 1
     996:	32 e1       	ldi	r19, 0x12	; 18
     998:	30 83       	st	Z, r19
     99a:	31 97       	sbiw	r30, 0x01	; 1
     99c:	33 e1       	ldi	r19, 0x13	; 19
     99e:	30 83       	st	Z, r19
     9a0:	31 97       	sbiw	r30, 0x01	; 1
     9a2:	34 e1       	ldi	r19, 0x14	; 20
     9a4:	30 83       	st	Z, r19
     9a6:	31 97       	sbiw	r30, 0x01	; 1
     9a8:	35 e1       	ldi	r19, 0x15	; 21
     9aa:	30 83       	st	Z, r19
     9ac:	31 97       	sbiw	r30, 0x01	; 1
     9ae:	36 e1       	ldi	r19, 0x16	; 22
     9b0:	30 83       	st	Z, r19
     9b2:	31 97       	sbiw	r30, 0x01	; 1
     9b4:	37 e1       	ldi	r19, 0x17	; 23
     9b6:	30 83       	st	Z, r19
     9b8:	31 97       	sbiw	r30, 0x01	; 1
     9ba:	38 e1       	ldi	r19, 0x18	; 24
     9bc:	30 83       	st	Z, r19
     9be:	31 97       	sbiw	r30, 0x01	; 1
     9c0:	39 e1       	ldi	r19, 0x19	; 25
     9c2:	30 83       	st	Z, r19
     9c4:	31 97       	sbiw	r30, 0x01	; 1
     9c6:	30 e2       	ldi	r19, 0x20	; 32
     9c8:	30 83       	st	Z, r19
     9ca:	31 97       	sbiw	r30, 0x01	; 1
     9cc:	31 e2       	ldi	r19, 0x21	; 33
     9ce:	30 83       	st	Z, r19
     9d0:	31 97       	sbiw	r30, 0x01	; 1
     9d2:	20 83       	st	Z, r18
     9d4:	31 97       	sbiw	r30, 0x01	; 1
     9d6:	23 e2       	ldi	r18, 0x23	; 35
     9d8:	20 83       	st	Z, r18
     9da:	31 97       	sbiw	r30, 0x01	; 1
     9dc:	40 83       	st	Z, r20
     9de:	31 97       	sbiw	r30, 0x01	; 1
     9e0:	50 83       	st	Z, r21
     9e2:	31 97       	sbiw	r30, 0x01	; 1
     9e4:	26 e2       	ldi	r18, 0x26	; 38
     9e6:	20 83       	st	Z, r18
     9e8:	31 97       	sbiw	r30, 0x01	; 1
     9ea:	27 e2       	ldi	r18, 0x27	; 39
     9ec:	20 83       	st	Z, r18
     9ee:	31 97       	sbiw	r30, 0x01	; 1
     9f0:	28 e2       	ldi	r18, 0x28	; 40
     9f2:	20 83       	st	Z, r18
     9f4:	31 97       	sbiw	r30, 0x01	; 1
     9f6:	29 e2       	ldi	r18, 0x29	; 41
     9f8:	20 83       	st	Z, r18
     9fa:	31 97       	sbiw	r30, 0x01	; 1
     9fc:	20 e3       	ldi	r18, 0x30	; 48
     9fe:	20 83       	st	Z, r18
     a00:	31 97       	sbiw	r30, 0x01	; 1
     a02:	21 e3       	ldi	r18, 0x31	; 49
     a04:	20 83       	st	Z, r18
     a06:	86 97       	sbiw	r24, 0x26	; 38
     a08:	08 95       	ret

00000a0a <xPortStartScheduler>:
     a0a:	0e 94 90 04 	call	0x920	; 0x920 <prvSetupTimerInterrupt>
     a0e:	a0 91 95 06 	lds	r26, 0x0695	; 0x800695 <pxCurrentTCB>
     a12:	b0 91 96 06 	lds	r27, 0x0696	; 0x800696 <pxCurrentTCB+0x1>
     a16:	cd 91       	ld	r28, X+
     a18:	cd bf       	out	0x3d, r28	; 61
     a1a:	dd 91       	ld	r29, X+
     a1c:	de bf       	out	0x3e, r29	; 62
     a1e:	ff 91       	pop	r31
     a20:	ef 91       	pop	r30
     a22:	df 91       	pop	r29
     a24:	cf 91       	pop	r28
     a26:	bf 91       	pop	r27
     a28:	af 91       	pop	r26
     a2a:	9f 91       	pop	r25
     a2c:	8f 91       	pop	r24
     a2e:	7f 91       	pop	r23
     a30:	6f 91       	pop	r22
     a32:	5f 91       	pop	r21
     a34:	4f 91       	pop	r20
     a36:	3f 91       	pop	r19
     a38:	2f 91       	pop	r18
     a3a:	1f 91       	pop	r17
     a3c:	0f 91       	pop	r16
     a3e:	ff 90       	pop	r15
     a40:	ef 90       	pop	r14
     a42:	df 90       	pop	r13
     a44:	cf 90       	pop	r12
     a46:	bf 90       	pop	r11
     a48:	af 90       	pop	r10
     a4a:	9f 90       	pop	r9
     a4c:	8f 90       	pop	r8
     a4e:	7f 90       	pop	r7
     a50:	6f 90       	pop	r6
     a52:	5f 90       	pop	r5
     a54:	4f 90       	pop	r4
     a56:	3f 90       	pop	r3
     a58:	2f 90       	pop	r2
     a5a:	1f 90       	pop	r1
     a5c:	0f 90       	pop	r0
     a5e:	0f be       	out	0x3f, r0	; 63
     a60:	0f 90       	pop	r0
     a62:	08 95       	ret
     a64:	81 e0       	ldi	r24, 0x01	; 1
     a66:	08 95       	ret

00000a68 <vPortYield>:
     a68:	0f 92       	push	r0
     a6a:	0f b6       	in	r0, 0x3f	; 63
     a6c:	f8 94       	cli
     a6e:	0f 92       	push	r0
     a70:	1f 92       	push	r1
     a72:	11 24       	eor	r1, r1
     a74:	2f 92       	push	r2
     a76:	3f 92       	push	r3
     a78:	4f 92       	push	r4
     a7a:	5f 92       	push	r5
     a7c:	6f 92       	push	r6
     a7e:	7f 92       	push	r7
     a80:	8f 92       	push	r8
     a82:	9f 92       	push	r9
     a84:	af 92       	push	r10
     a86:	bf 92       	push	r11
     a88:	cf 92       	push	r12
     a8a:	df 92       	push	r13
     a8c:	ef 92       	push	r14
     a8e:	ff 92       	push	r15
     a90:	0f 93       	push	r16
     a92:	1f 93       	push	r17
     a94:	2f 93       	push	r18
     a96:	3f 93       	push	r19
     a98:	4f 93       	push	r20
     a9a:	5f 93       	push	r21
     a9c:	6f 93       	push	r22
     a9e:	7f 93       	push	r23
     aa0:	8f 93       	push	r24
     aa2:	9f 93       	push	r25
     aa4:	af 93       	push	r26
     aa6:	bf 93       	push	r27
     aa8:	cf 93       	push	r28
     aaa:	df 93       	push	r29
     aac:	ef 93       	push	r30
     aae:	ff 93       	push	r31
     ab0:	a0 91 95 06 	lds	r26, 0x0695	; 0x800695 <pxCurrentTCB>
     ab4:	b0 91 96 06 	lds	r27, 0x0696	; 0x800696 <pxCurrentTCB+0x1>
     ab8:	0d b6       	in	r0, 0x3d	; 61
     aba:	0d 92       	st	X+, r0
     abc:	0e b6       	in	r0, 0x3e	; 62
     abe:	0d 92       	st	X+, r0
     ac0:	0e 94 04 0c 	call	0x1808	; 0x1808 <vTaskSwitchContext>
     ac4:	a0 91 95 06 	lds	r26, 0x0695	; 0x800695 <pxCurrentTCB>
     ac8:	b0 91 96 06 	lds	r27, 0x0696	; 0x800696 <pxCurrentTCB+0x1>
     acc:	cd 91       	ld	r28, X+
     ace:	cd bf       	out	0x3d, r28	; 61
     ad0:	dd 91       	ld	r29, X+
     ad2:	de bf       	out	0x3e, r29	; 62
     ad4:	ff 91       	pop	r31
     ad6:	ef 91       	pop	r30
     ad8:	df 91       	pop	r29
     ada:	cf 91       	pop	r28
     adc:	bf 91       	pop	r27
     ade:	af 91       	pop	r26
     ae0:	9f 91       	pop	r25
     ae2:	8f 91       	pop	r24
     ae4:	7f 91       	pop	r23
     ae6:	6f 91       	pop	r22
     ae8:	5f 91       	pop	r21
     aea:	4f 91       	pop	r20
     aec:	3f 91       	pop	r19
     aee:	2f 91       	pop	r18
     af0:	1f 91       	pop	r17
     af2:	0f 91       	pop	r16
     af4:	ff 90       	pop	r15
     af6:	ef 90       	pop	r14
     af8:	df 90       	pop	r13
     afa:	cf 90       	pop	r12
     afc:	bf 90       	pop	r11
     afe:	af 90       	pop	r10
     b00:	9f 90       	pop	r9
     b02:	8f 90       	pop	r8
     b04:	7f 90       	pop	r7
     b06:	6f 90       	pop	r6
     b08:	5f 90       	pop	r5
     b0a:	4f 90       	pop	r4
     b0c:	3f 90       	pop	r3
     b0e:	2f 90       	pop	r2
     b10:	1f 90       	pop	r1
     b12:	0f 90       	pop	r0
     b14:	0f be       	out	0x3f, r0	; 63
     b16:	0f 90       	pop	r0
     b18:	08 95       	ret

00000b1a <vPortYieldFromTick>:
     b1a:	0f 92       	push	r0
     b1c:	0f b6       	in	r0, 0x3f	; 63
     b1e:	f8 94       	cli
     b20:	0f 92       	push	r0
     b22:	1f 92       	push	r1
     b24:	11 24       	eor	r1, r1
     b26:	2f 92       	push	r2
     b28:	3f 92       	push	r3
     b2a:	4f 92       	push	r4
     b2c:	5f 92       	push	r5
     b2e:	6f 92       	push	r6
     b30:	7f 92       	push	r7
     b32:	8f 92       	push	r8
     b34:	9f 92       	push	r9
     b36:	af 92       	push	r10
     b38:	bf 92       	push	r11
     b3a:	cf 92       	push	r12
     b3c:	df 92       	push	r13
     b3e:	ef 92       	push	r14
     b40:	ff 92       	push	r15
     b42:	0f 93       	push	r16
     b44:	1f 93       	push	r17
     b46:	2f 93       	push	r18
     b48:	3f 93       	push	r19
     b4a:	4f 93       	push	r20
     b4c:	5f 93       	push	r21
     b4e:	6f 93       	push	r22
     b50:	7f 93       	push	r23
     b52:	8f 93       	push	r24
     b54:	9f 93       	push	r25
     b56:	af 93       	push	r26
     b58:	bf 93       	push	r27
     b5a:	cf 93       	push	r28
     b5c:	df 93       	push	r29
     b5e:	ef 93       	push	r30
     b60:	ff 93       	push	r31
     b62:	a0 91 95 06 	lds	r26, 0x0695	; 0x800695 <pxCurrentTCB>
     b66:	b0 91 96 06 	lds	r27, 0x0696	; 0x800696 <pxCurrentTCB+0x1>
     b6a:	0d b6       	in	r0, 0x3d	; 61
     b6c:	0d 92       	st	X+, r0
     b6e:	0e b6       	in	r0, 0x3e	; 62
     b70:	0d 92       	st	X+, r0
     b72:	0e 94 91 0a 	call	0x1522	; 0x1522 <xTaskIncrementTick>
     b76:	81 11       	cpse	r24, r1
     b78:	0e 94 04 0c 	call	0x1808	; 0x1808 <vTaskSwitchContext>
     b7c:	a0 91 95 06 	lds	r26, 0x0695	; 0x800695 <pxCurrentTCB>
     b80:	b0 91 96 06 	lds	r27, 0x0696	; 0x800696 <pxCurrentTCB+0x1>
     b84:	cd 91       	ld	r28, X+
     b86:	cd bf       	out	0x3d, r28	; 61
     b88:	dd 91       	ld	r29, X+
     b8a:	de bf       	out	0x3e, r29	; 62
     b8c:	ff 91       	pop	r31
     b8e:	ef 91       	pop	r30
     b90:	df 91       	pop	r29
     b92:	cf 91       	pop	r28
     b94:	bf 91       	pop	r27
     b96:	af 91       	pop	r26
     b98:	9f 91       	pop	r25
     b9a:	8f 91       	pop	r24
     b9c:	7f 91       	pop	r23
     b9e:	6f 91       	pop	r22
     ba0:	5f 91       	pop	r21
     ba2:	4f 91       	pop	r20
     ba4:	3f 91       	pop	r19
     ba6:	2f 91       	pop	r18
     ba8:	1f 91       	pop	r17
     baa:	0f 91       	pop	r16
     bac:	ff 90       	pop	r15
     bae:	ef 90       	pop	r14
     bb0:	df 90       	pop	r13
     bb2:	cf 90       	pop	r12
     bb4:	bf 90       	pop	r11
     bb6:	af 90       	pop	r10
     bb8:	9f 90       	pop	r9
     bba:	8f 90       	pop	r8
     bbc:	7f 90       	pop	r7
     bbe:	6f 90       	pop	r6
     bc0:	5f 90       	pop	r5
     bc2:	4f 90       	pop	r4
     bc4:	3f 90       	pop	r3
     bc6:	2f 90       	pop	r2
     bc8:	1f 90       	pop	r1
     bca:	0f 90       	pop	r0
     bcc:	0f be       	out	0x3f, r0	; 63
     bce:	0f 90       	pop	r0
     bd0:	08 95       	ret

00000bd2 <__vector_7>:
     bd2:	0e 94 8d 05 	call	0xb1a	; 0xb1a <vPortYieldFromTick>
     bd6:	18 95       	reti

00000bd8 <prvIsQueueEmpty>:
     bd8:	0f b6       	in	r0, 0x3f	; 63
     bda:	f8 94       	cli
     bdc:	0f 92       	push	r0
     bde:	fc 01       	movw	r30, r24
     be0:	82 8d       	ldd	r24, Z+26	; 0x1a
     be2:	81 11       	cpse	r24, r1
     be4:	02 c0       	rjmp	.+4      	; 0xbea <prvIsQueueEmpty+0x12>
     be6:	81 e0       	ldi	r24, 0x01	; 1
     be8:	01 c0       	rjmp	.+2      	; 0xbec <prvIsQueueEmpty+0x14>
     bea:	80 e0       	ldi	r24, 0x00	; 0
     bec:	0f 90       	pop	r0
     bee:	0f be       	out	0x3f, r0	; 63
     bf0:	08 95       	ret

00000bf2 <prvIsQueueFull>:
     bf2:	0f b6       	in	r0, 0x3f	; 63
     bf4:	f8 94       	cli
     bf6:	0f 92       	push	r0
     bf8:	fc 01       	movw	r30, r24
     bfa:	22 8d       	ldd	r18, Z+26	; 0x1a
     bfc:	83 8d       	ldd	r24, Z+27	; 0x1b
     bfe:	28 13       	cpse	r18, r24
     c00:	02 c0       	rjmp	.+4      	; 0xc06 <prvIsQueueFull+0x14>
     c02:	81 e0       	ldi	r24, 0x01	; 1
     c04:	01 c0       	rjmp	.+2      	; 0xc08 <prvIsQueueFull+0x16>
     c06:	80 e0       	ldi	r24, 0x00	; 0
     c08:	0f 90       	pop	r0
     c0a:	0f be       	out	0x3f, r0	; 63
     c0c:	08 95       	ret

00000c0e <prvCopyDataToQueue>:
     c0e:	0f 93       	push	r16
     c10:	1f 93       	push	r17
     c12:	cf 93       	push	r28
     c14:	df 93       	push	r29
     c16:	ec 01       	movw	r28, r24
     c18:	04 2f       	mov	r16, r20
     c1a:	1a 8d       	ldd	r17, Y+26	; 0x1a
     c1c:	4c 8d       	ldd	r20, Y+28	; 0x1c
     c1e:	41 11       	cpse	r20, r1
     c20:	0c c0       	rjmp	.+24     	; 0xc3a <prvCopyDataToQueue+0x2c>
     c22:	88 81       	ld	r24, Y
     c24:	99 81       	ldd	r25, Y+1	; 0x01
     c26:	89 2b       	or	r24, r25
     c28:	09 f0       	breq	.+2      	; 0xc2c <prvCopyDataToQueue+0x1e>
     c2a:	42 c0       	rjmp	.+132    	; 0xcb0 <prvCopyDataToQueue+0xa2>
     c2c:	8a 81       	ldd	r24, Y+2	; 0x02
     c2e:	9b 81       	ldd	r25, Y+3	; 0x03
     c30:	0e 94 aa 0d 	call	0x1b54	; 0x1b54 <xTaskPriorityDisinherit>
     c34:	1b 82       	std	Y+3, r1	; 0x03
     c36:	1a 82       	std	Y+2, r1	; 0x02
     c38:	42 c0       	rjmp	.+132    	; 0xcbe <prvCopyDataToQueue+0xb0>
     c3a:	01 11       	cpse	r16, r1
     c3c:	17 c0       	rjmp	.+46     	; 0xc6c <prvCopyDataToQueue+0x5e>
     c3e:	50 e0       	ldi	r21, 0x00	; 0
     c40:	8c 81       	ldd	r24, Y+4	; 0x04
     c42:	9d 81       	ldd	r25, Y+5	; 0x05
     c44:	0e 94 60 14 	call	0x28c0	; 0x28c0 <memcpy>
     c48:	2c 8d       	ldd	r18, Y+28	; 0x1c
     c4a:	8c 81       	ldd	r24, Y+4	; 0x04
     c4c:	9d 81       	ldd	r25, Y+5	; 0x05
     c4e:	82 0f       	add	r24, r18
     c50:	91 1d       	adc	r25, r1
     c52:	9d 83       	std	Y+5, r25	; 0x05
     c54:	8c 83       	std	Y+4, r24	; 0x04
     c56:	2a 81       	ldd	r18, Y+2	; 0x02
     c58:	3b 81       	ldd	r19, Y+3	; 0x03
     c5a:	82 17       	cp	r24, r18
     c5c:	93 07       	cpc	r25, r19
     c5e:	50 f1       	brcs	.+84     	; 0xcb4 <prvCopyDataToQueue+0xa6>
     c60:	88 81       	ld	r24, Y
     c62:	99 81       	ldd	r25, Y+1	; 0x01
     c64:	9d 83       	std	Y+5, r25	; 0x05
     c66:	8c 83       	std	Y+4, r24	; 0x04
     c68:	80 e0       	ldi	r24, 0x00	; 0
     c6a:	29 c0       	rjmp	.+82     	; 0xcbe <prvCopyDataToQueue+0xb0>
     c6c:	50 e0       	ldi	r21, 0x00	; 0
     c6e:	8e 81       	ldd	r24, Y+6	; 0x06
     c70:	9f 81       	ldd	r25, Y+7	; 0x07
     c72:	0e 94 60 14 	call	0x28c0	; 0x28c0 <memcpy>
     c76:	8c 8d       	ldd	r24, Y+28	; 0x1c
     c78:	90 e0       	ldi	r25, 0x00	; 0
     c7a:	91 95       	neg	r25
     c7c:	81 95       	neg	r24
     c7e:	91 09       	sbc	r25, r1
     c80:	2e 81       	ldd	r18, Y+6	; 0x06
     c82:	3f 81       	ldd	r19, Y+7	; 0x07
     c84:	28 0f       	add	r18, r24
     c86:	39 1f       	adc	r19, r25
     c88:	3f 83       	std	Y+7, r19	; 0x07
     c8a:	2e 83       	std	Y+6, r18	; 0x06
     c8c:	48 81       	ld	r20, Y
     c8e:	59 81       	ldd	r21, Y+1	; 0x01
     c90:	24 17       	cp	r18, r20
     c92:	35 07       	cpc	r19, r21
     c94:	30 f4       	brcc	.+12     	; 0xca2 <prvCopyDataToQueue+0x94>
     c96:	2a 81       	ldd	r18, Y+2	; 0x02
     c98:	3b 81       	ldd	r19, Y+3	; 0x03
     c9a:	82 0f       	add	r24, r18
     c9c:	93 1f       	adc	r25, r19
     c9e:	9f 83       	std	Y+7, r25	; 0x07
     ca0:	8e 83       	std	Y+6, r24	; 0x06
     ca2:	02 30       	cpi	r16, 0x02	; 2
     ca4:	49 f4       	brne	.+18     	; 0xcb8 <prvCopyDataToQueue+0xaa>
     ca6:	11 23       	and	r17, r17
     ca8:	49 f0       	breq	.+18     	; 0xcbc <prvCopyDataToQueue+0xae>
     caa:	11 50       	subi	r17, 0x01	; 1
     cac:	80 e0       	ldi	r24, 0x00	; 0
     cae:	07 c0       	rjmp	.+14     	; 0xcbe <prvCopyDataToQueue+0xb0>
     cb0:	80 e0       	ldi	r24, 0x00	; 0
     cb2:	05 c0       	rjmp	.+10     	; 0xcbe <prvCopyDataToQueue+0xb0>
     cb4:	80 e0       	ldi	r24, 0x00	; 0
     cb6:	03 c0       	rjmp	.+6      	; 0xcbe <prvCopyDataToQueue+0xb0>
     cb8:	80 e0       	ldi	r24, 0x00	; 0
     cba:	01 c0       	rjmp	.+2      	; 0xcbe <prvCopyDataToQueue+0xb0>
     cbc:	80 e0       	ldi	r24, 0x00	; 0
     cbe:	1f 5f       	subi	r17, 0xFF	; 255
     cc0:	1a 8f       	std	Y+26, r17	; 0x1a
     cc2:	df 91       	pop	r29
     cc4:	cf 91       	pop	r28
     cc6:	1f 91       	pop	r17
     cc8:	0f 91       	pop	r16
     cca:	08 95       	ret

00000ccc <prvCopyDataFromQueue>:
     ccc:	fc 01       	movw	r30, r24
     cce:	44 8d       	ldd	r20, Z+28	; 0x1c
     cd0:	44 23       	and	r20, r20
     cd2:	a9 f0       	breq	.+42     	; 0xcfe <prvCopyDataFromQueue+0x32>
     cd4:	50 e0       	ldi	r21, 0x00	; 0
     cd6:	26 81       	ldd	r18, Z+6	; 0x06
     cd8:	37 81       	ldd	r19, Z+7	; 0x07
     cda:	24 0f       	add	r18, r20
     cdc:	35 1f       	adc	r19, r21
     cde:	37 83       	std	Z+7, r19	; 0x07
     ce0:	26 83       	std	Z+6, r18	; 0x06
     ce2:	82 81       	ldd	r24, Z+2	; 0x02
     ce4:	93 81       	ldd	r25, Z+3	; 0x03
     ce6:	28 17       	cp	r18, r24
     ce8:	39 07       	cpc	r19, r25
     cea:	20 f0       	brcs	.+8      	; 0xcf4 <prvCopyDataFromQueue+0x28>
     cec:	80 81       	ld	r24, Z
     cee:	91 81       	ldd	r25, Z+1	; 0x01
     cf0:	97 83       	std	Z+7, r25	; 0x07
     cf2:	86 83       	std	Z+6, r24	; 0x06
     cf4:	cb 01       	movw	r24, r22
     cf6:	66 81       	ldd	r22, Z+6	; 0x06
     cf8:	77 81       	ldd	r23, Z+7	; 0x07
     cfa:	0e 94 60 14 	call	0x28c0	; 0x28c0 <memcpy>
     cfe:	08 95       	ret

00000d00 <prvUnlockQueue>:
     d00:	1f 93       	push	r17
     d02:	cf 93       	push	r28
     d04:	df 93       	push	r29
     d06:	ec 01       	movw	r28, r24
     d08:	0f b6       	in	r0, 0x3f	; 63
     d0a:	f8 94       	cli
     d0c:	0f 92       	push	r0
     d0e:	1e 8d       	ldd	r17, Y+30	; 0x1e
     d10:	0b c0       	rjmp	.+22     	; 0xd28 <prvUnlockQueue+0x28>
     d12:	89 89       	ldd	r24, Y+17	; 0x11
     d14:	88 23       	and	r24, r24
     d16:	51 f0       	breq	.+20     	; 0xd2c <prvUnlockQueue+0x2c>
     d18:	ce 01       	movw	r24, r28
     d1a:	41 96       	adiw	r24, 0x11	; 17
     d1c:	0e 94 b8 0c 	call	0x1970	; 0x1970 <xTaskRemoveFromEventList>
     d20:	81 11       	cpse	r24, r1
     d22:	0e 94 44 0d 	call	0x1a88	; 0x1a88 <vTaskMissedYield>
     d26:	11 50       	subi	r17, 0x01	; 1
     d28:	11 16       	cp	r1, r17
     d2a:	9c f3       	brlt	.-26     	; 0xd12 <prvUnlockQueue+0x12>
     d2c:	8f ef       	ldi	r24, 0xFF	; 255
     d2e:	8e 8f       	std	Y+30, r24	; 0x1e
     d30:	0f 90       	pop	r0
     d32:	0f be       	out	0x3f, r0	; 63
     d34:	0f b6       	in	r0, 0x3f	; 63
     d36:	f8 94       	cli
     d38:	0f 92       	push	r0
     d3a:	1d 8d       	ldd	r17, Y+29	; 0x1d
     d3c:	0b c0       	rjmp	.+22     	; 0xd54 <prvUnlockQueue+0x54>
     d3e:	88 85       	ldd	r24, Y+8	; 0x08
     d40:	88 23       	and	r24, r24
     d42:	51 f0       	breq	.+20     	; 0xd58 <prvUnlockQueue+0x58>
     d44:	ce 01       	movw	r24, r28
     d46:	08 96       	adiw	r24, 0x08	; 8
     d48:	0e 94 b8 0c 	call	0x1970	; 0x1970 <xTaskRemoveFromEventList>
     d4c:	81 11       	cpse	r24, r1
     d4e:	0e 94 44 0d 	call	0x1a88	; 0x1a88 <vTaskMissedYield>
     d52:	11 50       	subi	r17, 0x01	; 1
     d54:	11 16       	cp	r1, r17
     d56:	9c f3       	brlt	.-26     	; 0xd3e <prvUnlockQueue+0x3e>
     d58:	8f ef       	ldi	r24, 0xFF	; 255
     d5a:	8d 8f       	std	Y+29, r24	; 0x1d
     d5c:	0f 90       	pop	r0
     d5e:	0f be       	out	0x3f, r0	; 63
     d60:	df 91       	pop	r29
     d62:	cf 91       	pop	r28
     d64:	1f 91       	pop	r17
     d66:	08 95       	ret

00000d68 <xQueueGenericReset>:
     d68:	cf 93       	push	r28
     d6a:	df 93       	push	r29
     d6c:	ec 01       	movw	r28, r24
     d6e:	0f b6       	in	r0, 0x3f	; 63
     d70:	f8 94       	cli
     d72:	0f 92       	push	r0
     d74:	e8 81       	ld	r30, Y
     d76:	f9 81       	ldd	r31, Y+1	; 0x01
     d78:	8b 8d       	ldd	r24, Y+27	; 0x1b
     d7a:	90 e0       	ldi	r25, 0x00	; 0
     d7c:	2c 8d       	ldd	r18, Y+28	; 0x1c
     d7e:	30 e0       	ldi	r19, 0x00	; 0
     d80:	82 9f       	mul	r24, r18
     d82:	a0 01       	movw	r20, r0
     d84:	83 9f       	mul	r24, r19
     d86:	50 0d       	add	r21, r0
     d88:	92 9f       	mul	r25, r18
     d8a:	50 0d       	add	r21, r0
     d8c:	11 24       	eor	r1, r1
     d8e:	4e 0f       	add	r20, r30
     d90:	5f 1f       	adc	r21, r31
     d92:	5b 83       	std	Y+3, r21	; 0x03
     d94:	4a 83       	std	Y+2, r20	; 0x02
     d96:	1a 8e       	std	Y+26, r1	; 0x1a
     d98:	fd 83       	std	Y+5, r31	; 0x05
     d9a:	ec 83       	std	Y+4, r30	; 0x04
     d9c:	01 97       	sbiw	r24, 0x01	; 1
     d9e:	28 9f       	mul	r18, r24
     da0:	a0 01       	movw	r20, r0
     da2:	29 9f       	mul	r18, r25
     da4:	50 0d       	add	r21, r0
     da6:	38 9f       	mul	r19, r24
     da8:	50 0d       	add	r21, r0
     daa:	11 24       	eor	r1, r1
     dac:	cf 01       	movw	r24, r30
     dae:	84 0f       	add	r24, r20
     db0:	95 1f       	adc	r25, r21
     db2:	9f 83       	std	Y+7, r25	; 0x07
     db4:	8e 83       	std	Y+6, r24	; 0x06
     db6:	8f ef       	ldi	r24, 0xFF	; 255
     db8:	8d 8f       	std	Y+29, r24	; 0x1d
     dba:	8e 8f       	std	Y+30, r24	; 0x1e
     dbc:	61 11       	cpse	r22, r1
     dbe:	0c c0       	rjmp	.+24     	; 0xdd8 <xQueueGenericReset+0x70>
     dc0:	88 85       	ldd	r24, Y+8	; 0x08
     dc2:	88 23       	and	r24, r24
     dc4:	89 f0       	breq	.+34     	; 0xde8 <xQueueGenericReset+0x80>
     dc6:	ce 01       	movw	r24, r28
     dc8:	08 96       	adiw	r24, 0x08	; 8
     dca:	0e 94 b8 0c 	call	0x1970	; 0x1970 <xTaskRemoveFromEventList>
     dce:	88 23       	and	r24, r24
     dd0:	59 f0       	breq	.+22     	; 0xde8 <xQueueGenericReset+0x80>
     dd2:	0e 94 34 05 	call	0xa68	; 0xa68 <vPortYield>
     dd6:	08 c0       	rjmp	.+16     	; 0xde8 <xQueueGenericReset+0x80>
     dd8:	ce 01       	movw	r24, r28
     dda:	08 96       	adiw	r24, 0x08	; 8
     ddc:	0e 94 06 04 	call	0x80c	; 0x80c <vListInitialise>
     de0:	ce 01       	movw	r24, r28
     de2:	41 96       	adiw	r24, 0x11	; 17
     de4:	0e 94 06 04 	call	0x80c	; 0x80c <vListInitialise>
     de8:	0f 90       	pop	r0
     dea:	0f be       	out	0x3f, r0	; 63
     dec:	81 e0       	ldi	r24, 0x01	; 1
     dee:	df 91       	pop	r29
     df0:	cf 91       	pop	r28
     df2:	08 95       	ret

00000df4 <prvInitialiseNewQueue>:
     df4:	0f 93       	push	r16
     df6:	1f 93       	push	r17
     df8:	f8 01       	movw	r30, r16
     dfa:	61 11       	cpse	r22, r1
     dfc:	03 c0       	rjmp	.+6      	; 0xe04 <prvInitialiseNewQueue+0x10>
     dfe:	11 83       	std	Z+1, r17	; 0x01
     e00:	00 83       	st	Z, r16
     e02:	02 c0       	rjmp	.+4      	; 0xe08 <prvInitialiseNewQueue+0x14>
     e04:	51 83       	std	Z+1, r21	; 0x01
     e06:	40 83       	st	Z, r20
     e08:	83 8f       	std	Z+27, r24	; 0x1b
     e0a:	64 8f       	std	Z+28, r22	; 0x1c
     e0c:	61 e0       	ldi	r22, 0x01	; 1
     e0e:	cf 01       	movw	r24, r30
     e10:	0e 94 b4 06 	call	0xd68	; 0xd68 <xQueueGenericReset>
     e14:	1f 91       	pop	r17
     e16:	0f 91       	pop	r16
     e18:	08 95       	ret

00000e1a <xQueueGenericCreate>:
     e1a:	df 92       	push	r13
     e1c:	ef 92       	push	r14
     e1e:	ff 92       	push	r15
     e20:	0f 93       	push	r16
     e22:	1f 93       	push	r17
     e24:	cf 93       	push	r28
     e26:	df 93       	push	r29
     e28:	e8 2e       	mov	r14, r24
     e2a:	f6 2e       	mov	r15, r22
     e2c:	d4 2e       	mov	r13, r20
     e2e:	66 23       	and	r22, r22
     e30:	21 f0       	breq	.+8      	; 0xe3a <xQueueGenericCreate+0x20>
     e32:	86 9f       	mul	r24, r22
     e34:	c0 01       	movw	r24, r0
     e36:	11 24       	eor	r1, r1
     e38:	02 c0       	rjmp	.+4      	; 0xe3e <xQueueGenericCreate+0x24>
     e3a:	80 e0       	ldi	r24, 0x00	; 0
     e3c:	90 e0       	ldi	r25, 0x00	; 0
     e3e:	4f 96       	adiw	r24, 0x1f	; 31
     e40:	0e 94 57 03 	call	0x6ae	; 0x6ae <pvPortMalloc>
     e44:	ec 01       	movw	r28, r24
     e46:	00 97       	sbiw	r24, 0x00	; 0
     e48:	49 f0       	breq	.+18     	; 0xe5c <xQueueGenericCreate+0x42>
     e4a:	8c 01       	movw	r16, r24
     e4c:	2d 2d       	mov	r18, r13
     e4e:	ac 01       	movw	r20, r24
     e50:	41 5e       	subi	r20, 0xE1	; 225
     e52:	5f 4f       	sbci	r21, 0xFF	; 255
     e54:	6f 2d       	mov	r22, r15
     e56:	8e 2d       	mov	r24, r14
     e58:	0e 94 fa 06 	call	0xdf4	; 0xdf4 <prvInitialiseNewQueue>
     e5c:	ce 01       	movw	r24, r28
     e5e:	df 91       	pop	r29
     e60:	cf 91       	pop	r28
     e62:	1f 91       	pop	r17
     e64:	0f 91       	pop	r16
     e66:	ff 90       	pop	r15
     e68:	ef 90       	pop	r14
     e6a:	df 90       	pop	r13
     e6c:	08 95       	ret

00000e6e <xQueueGenericSend>:
     e6e:	cf 92       	push	r12
     e70:	df 92       	push	r13
     e72:	ef 92       	push	r14
     e74:	ff 92       	push	r15
     e76:	0f 93       	push	r16
     e78:	1f 93       	push	r17
     e7a:	cf 93       	push	r28
     e7c:	df 93       	push	r29
     e7e:	00 d0       	rcall	.+0      	; 0xe80 <xQueueGenericSend+0x12>
     e80:	00 d0       	rcall	.+0      	; 0xe82 <xQueueGenericSend+0x14>
     e82:	1f 92       	push	r1
     e84:	cd b7       	in	r28, 0x3d	; 61
     e86:	de b7       	in	r29, 0x3e	; 62
     e88:	8c 01       	movw	r16, r24
     e8a:	7b 01       	movw	r14, r22
     e8c:	5d 83       	std	Y+5, r21	; 0x05
     e8e:	4c 83       	std	Y+4, r20	; 0x04
     e90:	c2 2e       	mov	r12, r18
     e92:	d1 2c       	mov	r13, r1
     e94:	0f b6       	in	r0, 0x3f	; 63
     e96:	f8 94       	cli
     e98:	0f 92       	push	r0
     e9a:	f8 01       	movw	r30, r16
     e9c:	92 8d       	ldd	r25, Z+26	; 0x1a
     e9e:	83 8d       	ldd	r24, Z+27	; 0x1b
     ea0:	98 17       	cp	r25, r24
     ea2:	18 f0       	brcs	.+6      	; 0xeaa <xQueueGenericSend+0x3c>
     ea4:	f2 e0       	ldi	r31, 0x02	; 2
     ea6:	cf 12       	cpse	r12, r31
     ea8:	19 c0       	rjmp	.+50     	; 0xedc <xQueueGenericSend+0x6e>
     eaa:	4c 2d       	mov	r20, r12
     eac:	b7 01       	movw	r22, r14
     eae:	c8 01       	movw	r24, r16
     eb0:	0e 94 07 06 	call	0xc0e	; 0xc0e <prvCopyDataToQueue>
     eb4:	f8 01       	movw	r30, r16
     eb6:	91 89       	ldd	r25, Z+17	; 0x11
     eb8:	99 23       	and	r25, r25
     eba:	49 f0       	breq	.+18     	; 0xece <xQueueGenericSend+0x60>
     ebc:	c8 01       	movw	r24, r16
     ebe:	41 96       	adiw	r24, 0x11	; 17
     ec0:	0e 94 b8 0c 	call	0x1970	; 0x1970 <xTaskRemoveFromEventList>
     ec4:	88 23       	and	r24, r24
     ec6:	31 f0       	breq	.+12     	; 0xed4 <xQueueGenericSend+0x66>
     ec8:	0e 94 34 05 	call	0xa68	; 0xa68 <vPortYield>
     ecc:	03 c0       	rjmp	.+6      	; 0xed4 <xQueueGenericSend+0x66>
     ece:	81 11       	cpse	r24, r1
     ed0:	0e 94 34 05 	call	0xa68	; 0xa68 <vPortYield>
     ed4:	0f 90       	pop	r0
     ed6:	0f be       	out	0x3f, r0	; 63
     ed8:	81 e0       	ldi	r24, 0x01	; 1
     eda:	4d c0       	rjmp	.+154    	; 0xf76 <xQueueGenericSend+0x108>
     edc:	8c 81       	ldd	r24, Y+4	; 0x04
     ede:	9d 81       	ldd	r25, Y+5	; 0x05
     ee0:	89 2b       	or	r24, r25
     ee2:	21 f4       	brne	.+8      	; 0xeec <xQueueGenericSend+0x7e>
     ee4:	0f 90       	pop	r0
     ee6:	0f be       	out	0x3f, r0	; 63
     ee8:	80 e0       	ldi	r24, 0x00	; 0
     eea:	45 c0       	rjmp	.+138    	; 0xf76 <xQueueGenericSend+0x108>
     eec:	d1 10       	cpse	r13, r1
     eee:	06 c0       	rjmp	.+12     	; 0xefc <xQueueGenericSend+0x8e>
     ef0:	ce 01       	movw	r24, r28
     ef2:	01 96       	adiw	r24, 0x01	; 1
     ef4:	0e 94 00 0d 	call	0x1a00	; 0x1a00 <vTaskSetTimeOutState>
     ef8:	dd 24       	eor	r13, r13
     efa:	d3 94       	inc	r13
     efc:	0f 90       	pop	r0
     efe:	0f be       	out	0x3f, r0	; 63
     f00:	0e 94 8b 0a 	call	0x1516	; 0x1516 <vTaskSuspendAll>
     f04:	0f b6       	in	r0, 0x3f	; 63
     f06:	f8 94       	cli
     f08:	0f 92       	push	r0
     f0a:	f8 01       	movw	r30, r16
     f0c:	85 8d       	ldd	r24, Z+29	; 0x1d
     f0e:	8f 3f       	cpi	r24, 0xFF	; 255
     f10:	09 f4       	brne	.+2      	; 0xf14 <xQueueGenericSend+0xa6>
     f12:	15 8e       	std	Z+29, r1	; 0x1d
     f14:	f8 01       	movw	r30, r16
     f16:	86 8d       	ldd	r24, Z+30	; 0x1e
     f18:	8f 3f       	cpi	r24, 0xFF	; 255
     f1a:	09 f4       	brne	.+2      	; 0xf1e <xQueueGenericSend+0xb0>
     f1c:	16 8e       	std	Z+30, r1	; 0x1e
     f1e:	0f 90       	pop	r0
     f20:	0f be       	out	0x3f, r0	; 63
     f22:	be 01       	movw	r22, r28
     f24:	6c 5f       	subi	r22, 0xFC	; 252
     f26:	7f 4f       	sbci	r23, 0xFF	; 255
     f28:	ce 01       	movw	r24, r28
     f2a:	01 96       	adiw	r24, 0x01	; 1
     f2c:	0e 94 0b 0d 	call	0x1a16	; 0x1a16 <xTaskCheckForTimeOut>
     f30:	81 11       	cpse	r24, r1
     f32:	1b c0       	rjmp	.+54     	; 0xf6a <xQueueGenericSend+0xfc>
     f34:	c8 01       	movw	r24, r16
     f36:	0e 94 f9 05 	call	0xbf2	; 0xbf2 <prvIsQueueFull>
     f3a:	88 23       	and	r24, r24
     f3c:	81 f0       	breq	.+32     	; 0xf5e <xQueueGenericSend+0xf0>
     f3e:	6c 81       	ldd	r22, Y+4	; 0x04
     f40:	7d 81       	ldd	r23, Y+5	; 0x05
     f42:	c8 01       	movw	r24, r16
     f44:	08 96       	adiw	r24, 0x08	; 8
     f46:	0e 94 a6 0c 	call	0x194c	; 0x194c <vTaskPlaceOnEventList>
     f4a:	c8 01       	movw	r24, r16
     f4c:	0e 94 80 06 	call	0xd00	; 0xd00 <prvUnlockQueue>
     f50:	0e 94 4b 0b 	call	0x1696	; 0x1696 <xTaskResumeAll>
     f54:	81 11       	cpse	r24, r1
     f56:	9e cf       	rjmp	.-196    	; 0xe94 <xQueueGenericSend+0x26>
     f58:	0e 94 34 05 	call	0xa68	; 0xa68 <vPortYield>
     f5c:	9b cf       	rjmp	.-202    	; 0xe94 <xQueueGenericSend+0x26>
     f5e:	c8 01       	movw	r24, r16
     f60:	0e 94 80 06 	call	0xd00	; 0xd00 <prvUnlockQueue>
     f64:	0e 94 4b 0b 	call	0x1696	; 0x1696 <xTaskResumeAll>
     f68:	95 cf       	rjmp	.-214    	; 0xe94 <xQueueGenericSend+0x26>
     f6a:	c8 01       	movw	r24, r16
     f6c:	0e 94 80 06 	call	0xd00	; 0xd00 <prvUnlockQueue>
     f70:	0e 94 4b 0b 	call	0x1696	; 0x1696 <xTaskResumeAll>
     f74:	80 e0       	ldi	r24, 0x00	; 0
     f76:	0f 90       	pop	r0
     f78:	0f 90       	pop	r0
     f7a:	0f 90       	pop	r0
     f7c:	0f 90       	pop	r0
     f7e:	0f 90       	pop	r0
     f80:	df 91       	pop	r29
     f82:	cf 91       	pop	r28
     f84:	1f 91       	pop	r17
     f86:	0f 91       	pop	r16
     f88:	ff 90       	pop	r15
     f8a:	ef 90       	pop	r14
     f8c:	df 90       	pop	r13
     f8e:	cf 90       	pop	r12
     f90:	08 95       	ret

00000f92 <xQueueGenericReceive>:
     f92:	8f 92       	push	r8
     f94:	9f 92       	push	r9
     f96:	bf 92       	push	r11
     f98:	cf 92       	push	r12
     f9a:	df 92       	push	r13
     f9c:	ef 92       	push	r14
     f9e:	ff 92       	push	r15
     fa0:	0f 93       	push	r16
     fa2:	1f 93       	push	r17
     fa4:	cf 93       	push	r28
     fa6:	df 93       	push	r29
     fa8:	00 d0       	rcall	.+0      	; 0xfaa <xQueueGenericReceive+0x18>
     faa:	00 d0       	rcall	.+0      	; 0xfac <xQueueGenericReceive+0x1a>
     fac:	1f 92       	push	r1
     fae:	cd b7       	in	r28, 0x3d	; 61
     fb0:	de b7       	in	r29, 0x3e	; 62
     fb2:	8c 01       	movw	r16, r24
     fb4:	6b 01       	movw	r12, r22
     fb6:	5d 83       	std	Y+5, r21	; 0x05
     fb8:	4c 83       	std	Y+4, r20	; 0x04
     fba:	b2 2e       	mov	r11, r18
     fbc:	e1 2c       	mov	r14, r1
     fbe:	0f b6       	in	r0, 0x3f	; 63
     fc0:	f8 94       	cli
     fc2:	0f 92       	push	r0
     fc4:	f8 01       	movw	r30, r16
     fc6:	f2 8c       	ldd	r15, Z+26	; 0x1a
     fc8:	ff 20       	and	r15, r15
     fca:	91 f1       	breq	.+100    	; 0x1030 <xQueueGenericReceive+0x9e>
     fcc:	86 80       	ldd	r8, Z+6	; 0x06
     fce:	97 80       	ldd	r9, Z+7	; 0x07
     fd0:	b6 01       	movw	r22, r12
     fd2:	c8 01       	movw	r24, r16
     fd4:	0e 94 66 06 	call	0xccc	; 0xccc <prvCopyDataFromQueue>
     fd8:	b1 10       	cpse	r11, r1
     fda:	19 c0       	rjmp	.+50     	; 0x100e <xQueueGenericReceive+0x7c>
     fdc:	fa 94       	dec	r15
     fde:	f8 01       	movw	r30, r16
     fe0:	f2 8e       	std	Z+26, r15	; 0x1a
     fe2:	80 81       	ld	r24, Z
     fe4:	91 81       	ldd	r25, Z+1	; 0x01
     fe6:	89 2b       	or	r24, r25
     fe8:	29 f4       	brne	.+10     	; 0xff4 <xQueueGenericReceive+0x62>
     fea:	0e 94 ea 0d 	call	0x1bd4	; 0x1bd4 <pvTaskIncrementMutexHeldCount>
     fee:	f8 01       	movw	r30, r16
     ff0:	93 83       	std	Z+3, r25	; 0x03
     ff2:	82 83       	std	Z+2, r24	; 0x02
     ff4:	f8 01       	movw	r30, r16
     ff6:	80 85       	ldd	r24, Z+8	; 0x08
     ff8:	88 23       	and	r24, r24
     ffa:	b1 f0       	breq	.+44     	; 0x1028 <xQueueGenericReceive+0x96>
     ffc:	c8 01       	movw	r24, r16
     ffe:	08 96       	adiw	r24, 0x08	; 8
    1000:	0e 94 b8 0c 	call	0x1970	; 0x1970 <xTaskRemoveFromEventList>
    1004:	88 23       	and	r24, r24
    1006:	81 f0       	breq	.+32     	; 0x1028 <xQueueGenericReceive+0x96>
    1008:	0e 94 34 05 	call	0xa68	; 0xa68 <vPortYield>
    100c:	0d c0       	rjmp	.+26     	; 0x1028 <xQueueGenericReceive+0x96>
    100e:	f8 01       	movw	r30, r16
    1010:	97 82       	std	Z+7, r9	; 0x07
    1012:	86 82       	std	Z+6, r8	; 0x06
    1014:	81 89       	ldd	r24, Z+17	; 0x11
    1016:	88 23       	and	r24, r24
    1018:	39 f0       	breq	.+14     	; 0x1028 <xQueueGenericReceive+0x96>
    101a:	c8 01       	movw	r24, r16
    101c:	41 96       	adiw	r24, 0x11	; 17
    101e:	0e 94 b8 0c 	call	0x1970	; 0x1970 <xTaskRemoveFromEventList>
    1022:	81 11       	cpse	r24, r1
    1024:	0e 94 34 05 	call	0xa68	; 0xa68 <vPortYield>
    1028:	0f 90       	pop	r0
    102a:	0f be       	out	0x3f, r0	; 63
    102c:	81 e0       	ldi	r24, 0x01	; 1
    102e:	61 c0       	rjmp	.+194    	; 0x10f2 <xQueueGenericReceive+0x160>
    1030:	8c 81       	ldd	r24, Y+4	; 0x04
    1032:	9d 81       	ldd	r25, Y+5	; 0x05
    1034:	89 2b       	or	r24, r25
    1036:	21 f4       	brne	.+8      	; 0x1040 <xQueueGenericReceive+0xae>
    1038:	0f 90       	pop	r0
    103a:	0f be       	out	0x3f, r0	; 63
    103c:	80 e0       	ldi	r24, 0x00	; 0
    103e:	59 c0       	rjmp	.+178    	; 0x10f2 <xQueueGenericReceive+0x160>
    1040:	e1 10       	cpse	r14, r1
    1042:	06 c0       	rjmp	.+12     	; 0x1050 <xQueueGenericReceive+0xbe>
    1044:	ce 01       	movw	r24, r28
    1046:	01 96       	adiw	r24, 0x01	; 1
    1048:	0e 94 00 0d 	call	0x1a00	; 0x1a00 <vTaskSetTimeOutState>
    104c:	ee 24       	eor	r14, r14
    104e:	e3 94       	inc	r14
    1050:	0f 90       	pop	r0
    1052:	0f be       	out	0x3f, r0	; 63
    1054:	0e 94 8b 0a 	call	0x1516	; 0x1516 <vTaskSuspendAll>
    1058:	0f b6       	in	r0, 0x3f	; 63
    105a:	f8 94       	cli
    105c:	0f 92       	push	r0
    105e:	f8 01       	movw	r30, r16
    1060:	85 8d       	ldd	r24, Z+29	; 0x1d
    1062:	8f 3f       	cpi	r24, 0xFF	; 255
    1064:	09 f4       	brne	.+2      	; 0x1068 <xQueueGenericReceive+0xd6>
    1066:	15 8e       	std	Z+29, r1	; 0x1d
    1068:	f8 01       	movw	r30, r16
    106a:	86 8d       	ldd	r24, Z+30	; 0x1e
    106c:	8f 3f       	cpi	r24, 0xFF	; 255
    106e:	09 f4       	brne	.+2      	; 0x1072 <xQueueGenericReceive+0xe0>
    1070:	16 8e       	std	Z+30, r1	; 0x1e
    1072:	0f 90       	pop	r0
    1074:	0f be       	out	0x3f, r0	; 63
    1076:	be 01       	movw	r22, r28
    1078:	6c 5f       	subi	r22, 0xFC	; 252
    107a:	7f 4f       	sbci	r23, 0xFF	; 255
    107c:	ce 01       	movw	r24, r28
    107e:	01 96       	adiw	r24, 0x01	; 1
    1080:	0e 94 0b 0d 	call	0x1a16	; 0x1a16 <xTaskCheckForTimeOut>
    1084:	81 11       	cpse	r24, r1
    1086:	29 c0       	rjmp	.+82     	; 0x10da <xQueueGenericReceive+0x148>
    1088:	c8 01       	movw	r24, r16
    108a:	0e 94 ec 05 	call	0xbd8	; 0xbd8 <prvIsQueueEmpty>
    108e:	88 23       	and	r24, r24
    1090:	f1 f0       	breq	.+60     	; 0x10ce <xQueueGenericReceive+0x13c>
    1092:	f8 01       	movw	r30, r16
    1094:	80 81       	ld	r24, Z
    1096:	91 81       	ldd	r25, Z+1	; 0x01
    1098:	89 2b       	or	r24, r25
    109a:	49 f4       	brne	.+18     	; 0x10ae <xQueueGenericReceive+0x11c>
    109c:	0f b6       	in	r0, 0x3f	; 63
    109e:	f8 94       	cli
    10a0:	0f 92       	push	r0
    10a2:	82 81       	ldd	r24, Z+2	; 0x02
    10a4:	93 81       	ldd	r25, Z+3	; 0x03
    10a6:	0e 94 48 0d 	call	0x1a90	; 0x1a90 <vTaskPriorityInherit>
    10aa:	0f 90       	pop	r0
    10ac:	0f be       	out	0x3f, r0	; 63
    10ae:	6c 81       	ldd	r22, Y+4	; 0x04
    10b0:	7d 81       	ldd	r23, Y+5	; 0x05
    10b2:	c8 01       	movw	r24, r16
    10b4:	41 96       	adiw	r24, 0x11	; 17
    10b6:	0e 94 a6 0c 	call	0x194c	; 0x194c <vTaskPlaceOnEventList>
    10ba:	c8 01       	movw	r24, r16
    10bc:	0e 94 80 06 	call	0xd00	; 0xd00 <prvUnlockQueue>
    10c0:	0e 94 4b 0b 	call	0x1696	; 0x1696 <xTaskResumeAll>
    10c4:	81 11       	cpse	r24, r1
    10c6:	7b cf       	rjmp	.-266    	; 0xfbe <xQueueGenericReceive+0x2c>
    10c8:	0e 94 34 05 	call	0xa68	; 0xa68 <vPortYield>
    10cc:	78 cf       	rjmp	.-272    	; 0xfbe <xQueueGenericReceive+0x2c>
    10ce:	c8 01       	movw	r24, r16
    10d0:	0e 94 80 06 	call	0xd00	; 0xd00 <prvUnlockQueue>
    10d4:	0e 94 4b 0b 	call	0x1696	; 0x1696 <xTaskResumeAll>
    10d8:	72 cf       	rjmp	.-284    	; 0xfbe <xQueueGenericReceive+0x2c>
    10da:	c8 01       	movw	r24, r16
    10dc:	0e 94 80 06 	call	0xd00	; 0xd00 <prvUnlockQueue>
    10e0:	0e 94 4b 0b 	call	0x1696	; 0x1696 <xTaskResumeAll>
    10e4:	c8 01       	movw	r24, r16
    10e6:	0e 94 ec 05 	call	0xbd8	; 0xbd8 <prvIsQueueEmpty>
    10ea:	88 23       	and	r24, r24
    10ec:	09 f4       	brne	.+2      	; 0x10f0 <xQueueGenericReceive+0x15e>
    10ee:	67 cf       	rjmp	.-306    	; 0xfbe <xQueueGenericReceive+0x2c>
    10f0:	80 e0       	ldi	r24, 0x00	; 0
    10f2:	0f 90       	pop	r0
    10f4:	0f 90       	pop	r0
    10f6:	0f 90       	pop	r0
    10f8:	0f 90       	pop	r0
    10fa:	0f 90       	pop	r0
    10fc:	df 91       	pop	r29
    10fe:	cf 91       	pop	r28
    1100:	1f 91       	pop	r17
    1102:	0f 91       	pop	r16
    1104:	ff 90       	pop	r15
    1106:	ef 90       	pop	r14
    1108:	df 90       	pop	r13
    110a:	cf 90       	pop	r12
    110c:	bf 90       	pop	r11
    110e:	9f 90       	pop	r9
    1110:	8f 90       	pop	r8
    1112:	08 95       	ret

00001114 <prvResetNextTaskUnblockTime>:
    1114:	e0 91 42 06 	lds	r30, 0x0642	; 0x800642 <pxDelayedTaskList>
    1118:	f0 91 43 06 	lds	r31, 0x0643	; 0x800643 <pxDelayedTaskList+0x1>
    111c:	80 81       	ld	r24, Z
    111e:	81 11       	cpse	r24, r1
    1120:	07 c0       	rjmp	.+14     	; 0x1130 <prvResetNextTaskUnblockTime+0x1c>
    1122:	8f ef       	ldi	r24, 0xFF	; 255
    1124:	9f ef       	ldi	r25, 0xFF	; 255
    1126:	90 93 1a 06 	sts	0x061A, r25	; 0x80061a <xNextTaskUnblockTime+0x1>
    112a:	80 93 19 06 	sts	0x0619, r24	; 0x800619 <xNextTaskUnblockTime>
    112e:	08 95       	ret
    1130:	e0 91 42 06 	lds	r30, 0x0642	; 0x800642 <pxDelayedTaskList>
    1134:	f0 91 43 06 	lds	r31, 0x0643	; 0x800643 <pxDelayedTaskList+0x1>
    1138:	05 80       	ldd	r0, Z+5	; 0x05
    113a:	f6 81       	ldd	r31, Z+6	; 0x06
    113c:	e0 2d       	mov	r30, r0
    113e:	06 80       	ldd	r0, Z+6	; 0x06
    1140:	f7 81       	ldd	r31, Z+7	; 0x07
    1142:	e0 2d       	mov	r30, r0
    1144:	82 81       	ldd	r24, Z+2	; 0x02
    1146:	93 81       	ldd	r25, Z+3	; 0x03
    1148:	90 93 1a 06 	sts	0x061A, r25	; 0x80061a <xNextTaskUnblockTime+0x1>
    114c:	80 93 19 06 	sts	0x0619, r24	; 0x800619 <xNextTaskUnblockTime>
    1150:	08 95       	ret

00001152 <prvDeleteTCB>:
    1152:	cf 93       	push	r28
    1154:	df 93       	push	r29
    1156:	ec 01       	movw	r28, r24
    1158:	8f 89       	ldd	r24, Y+23	; 0x17
    115a:	98 8d       	ldd	r25, Y+24	; 0x18
    115c:	0e 94 d3 03 	call	0x7a6	; 0x7a6 <vPortFree>
    1160:	ce 01       	movw	r24, r28
    1162:	0e 94 d3 03 	call	0x7a6	; 0x7a6 <vPortFree>
    1166:	df 91       	pop	r29
    1168:	cf 91       	pop	r28
    116a:	08 95       	ret

0000116c <prvInitialiseNewTask>:
    116c:	6f 92       	push	r6
    116e:	7f 92       	push	r7
    1170:	8f 92       	push	r8
    1172:	9f 92       	push	r9
    1174:	af 92       	push	r10
    1176:	bf 92       	push	r11
    1178:	cf 92       	push	r12
    117a:	df 92       	push	r13
    117c:	ef 92       	push	r14
    117e:	0f 93       	push	r16
    1180:	1f 93       	push	r17
    1182:	cf 93       	push	r28
    1184:	df 93       	push	r29
    1186:	cd b7       	in	r28, 0x3d	; 61
    1188:	de b7       	in	r29, 0x3e	; 62
    118a:	4c 01       	movw	r8, r24
    118c:	f5 01       	movw	r30, r10
    118e:	87 89       	ldd	r24, Z+23	; 0x17
    1190:	90 8d       	ldd	r25, Z+24	; 0x18
    1192:	21 50       	subi	r18, 0x01	; 1
    1194:	31 09       	sbc	r19, r1
    1196:	3c 01       	movw	r6, r24
    1198:	62 0e       	add	r6, r18
    119a:	73 1e       	adc	r7, r19
    119c:	20 e0       	ldi	r18, 0x00	; 0
    119e:	0f c0       	rjmp	.+30     	; 0x11be <prvInitialiseNewTask+0x52>
    11a0:	82 2f       	mov	r24, r18
    11a2:	90 e0       	ldi	r25, 0x00	; 0
    11a4:	fb 01       	movw	r30, r22
    11a6:	e8 0f       	add	r30, r24
    11a8:	f9 1f       	adc	r31, r25
    11aa:	30 81       	ld	r19, Z
    11ac:	d5 01       	movw	r26, r10
    11ae:	a8 0f       	add	r26, r24
    11b0:	b9 1f       	adc	r27, r25
    11b2:	59 96       	adiw	r26, 0x19	; 25
    11b4:	3c 93       	st	X, r19
    11b6:	80 81       	ld	r24, Z
    11b8:	88 23       	and	r24, r24
    11ba:	19 f0       	breq	.+6      	; 0x11c2 <prvInitialiseNewTask+0x56>
    11bc:	2f 5f       	subi	r18, 0xFF	; 255
    11be:	28 30       	cpi	r18, 0x08	; 8
    11c0:	78 f3       	brcs	.-34     	; 0x11a0 <prvInitialiseNewTask+0x34>
    11c2:	f5 01       	movw	r30, r10
    11c4:	10 a2       	std	Z+32, r1	; 0x20
    11c6:	f6 e0       	ldi	r31, 0x06	; 6
    11c8:	fe 15       	cp	r31, r14
    11ca:	20 f4       	brcc	.+8      	; 0x11d4 <prvInitialiseNewTask+0x68>
    11cc:	0f 2e       	mov	r0, r31
    11ce:	f6 e0       	ldi	r31, 0x06	; 6
    11d0:	ef 2e       	mov	r14, r31
    11d2:	f0 2d       	mov	r31, r0
    11d4:	f5 01       	movw	r30, r10
    11d6:	e6 8a       	std	Z+22, r14	; 0x16
    11d8:	e1 a2       	std	Z+33, r14	; 0x21
    11da:	12 a2       	std	Z+34, r1	; 0x22
    11dc:	c5 01       	movw	r24, r10
    11de:	02 96       	adiw	r24, 0x02	; 2
    11e0:	0e 94 14 04 	call	0x828	; 0x828 <vListInitialiseItem>
    11e4:	c5 01       	movw	r24, r10
    11e6:	0c 96       	adiw	r24, 0x0c	; 12
    11e8:	0e 94 14 04 	call	0x828	; 0x828 <vListInitialiseItem>
    11ec:	f5 01       	movw	r30, r10
    11ee:	b1 86       	std	Z+9, r11	; 0x09
    11f0:	a0 86       	std	Z+8, r10	; 0x08
    11f2:	87 e0       	ldi	r24, 0x07	; 7
    11f4:	90 e0       	ldi	r25, 0x00	; 0
    11f6:	8e 19       	sub	r24, r14
    11f8:	91 09       	sbc	r25, r1
    11fa:	95 87       	std	Z+13, r25	; 0x0d
    11fc:	84 87       	std	Z+12, r24	; 0x0c
    11fe:	b3 8a       	std	Z+19, r11	; 0x13
    1200:	a2 8a       	std	Z+18, r10	; 0x12
    1202:	13 a2       	std	Z+35, r1	; 0x23
    1204:	14 a2       	std	Z+36, r1	; 0x24
    1206:	15 a2       	std	Z+37, r1	; 0x25
    1208:	16 a2       	std	Z+38, r1	; 0x26
    120a:	17 a2       	std	Z+39, r1	; 0x27
    120c:	a8 01       	movw	r20, r16
    120e:	b4 01       	movw	r22, r8
    1210:	c3 01       	movw	r24, r6
    1212:	0e 94 99 04 	call	0x932	; 0x932 <pxPortInitialiseStack>
    1216:	f5 01       	movw	r30, r10
    1218:	91 83       	std	Z+1, r25	; 0x01
    121a:	80 83       	st	Z, r24
    121c:	c1 14       	cp	r12, r1
    121e:	d1 04       	cpc	r13, r1
    1220:	19 f0       	breq	.+6      	; 0x1228 <prvInitialiseNewTask+0xbc>
    1222:	f6 01       	movw	r30, r12
    1224:	b1 82       	std	Z+1, r11	; 0x01
    1226:	a0 82       	st	Z, r10
    1228:	df 91       	pop	r29
    122a:	cf 91       	pop	r28
    122c:	1f 91       	pop	r17
    122e:	0f 91       	pop	r16
    1230:	ef 90       	pop	r14
    1232:	df 90       	pop	r13
    1234:	cf 90       	pop	r12
    1236:	bf 90       	pop	r11
    1238:	af 90       	pop	r10
    123a:	9f 90       	pop	r9
    123c:	8f 90       	pop	r8
    123e:	7f 90       	pop	r7
    1240:	6f 90       	pop	r6
    1242:	08 95       	ret

00001244 <prvInitialiseTaskLists>:
    1244:	cf 93       	push	r28
    1246:	c0 e0       	ldi	r28, 0x00	; 0
    1248:	10 c0       	rjmp	.+32     	; 0x126a <prvInitialiseTaskLists+0x26>
    124a:	8c 2f       	mov	r24, r28
    124c:	90 e0       	ldi	r25, 0x00	; 0
    124e:	9c 01       	movw	r18, r24
    1250:	22 0f       	add	r18, r18
    1252:	33 1f       	adc	r19, r19
    1254:	22 0f       	add	r18, r18
    1256:	33 1f       	adc	r19, r19
    1258:	22 0f       	add	r18, r18
    125a:	33 1f       	adc	r19, r19
    125c:	82 0f       	add	r24, r18
    125e:	93 1f       	adc	r25, r19
    1260:	8a 5a       	subi	r24, 0xAA	; 170
    1262:	99 4f       	sbci	r25, 0xF9	; 249
    1264:	0e 94 06 04 	call	0x80c	; 0x80c <vListInitialise>
    1268:	cf 5f       	subi	r28, 0xFF	; 255
    126a:	c7 30       	cpi	r28, 0x07	; 7
    126c:	70 f3       	brcs	.-36     	; 0x124a <prvInitialiseTaskLists+0x6>
    126e:	8d e4       	ldi	r24, 0x4D	; 77
    1270:	96 e0       	ldi	r25, 0x06	; 6
    1272:	0e 94 06 04 	call	0x80c	; 0x80c <vListInitialise>
    1276:	84 e4       	ldi	r24, 0x44	; 68
    1278:	96 e0       	ldi	r25, 0x06	; 6
    127a:	0e 94 06 04 	call	0x80c	; 0x80c <vListInitialise>
    127e:	87 e3       	ldi	r24, 0x37	; 55
    1280:	96 e0       	ldi	r25, 0x06	; 6
    1282:	0e 94 06 04 	call	0x80c	; 0x80c <vListInitialise>
    1286:	8e e2       	ldi	r24, 0x2E	; 46
    1288:	96 e0       	ldi	r25, 0x06	; 6
    128a:	0e 94 06 04 	call	0x80c	; 0x80c <vListInitialise>
    128e:	84 e2       	ldi	r24, 0x24	; 36
    1290:	96 e0       	ldi	r25, 0x06	; 6
    1292:	0e 94 06 04 	call	0x80c	; 0x80c <vListInitialise>
    1296:	8d e4       	ldi	r24, 0x4D	; 77
    1298:	96 e0       	ldi	r25, 0x06	; 6
    129a:	90 93 43 06 	sts	0x0643, r25	; 0x800643 <pxDelayedTaskList+0x1>
    129e:	80 93 42 06 	sts	0x0642, r24	; 0x800642 <pxDelayedTaskList>
    12a2:	84 e4       	ldi	r24, 0x44	; 68
    12a4:	96 e0       	ldi	r25, 0x06	; 6
    12a6:	90 93 41 06 	sts	0x0641, r25	; 0x800641 <pxOverflowDelayedTaskList+0x1>
    12aa:	80 93 40 06 	sts	0x0640, r24	; 0x800640 <pxOverflowDelayedTaskList>
    12ae:	cf 91       	pop	r28
    12b0:	08 95       	ret

000012b2 <prvAddNewTaskToReadyList>:
    12b2:	cf 93       	push	r28
    12b4:	df 93       	push	r29
    12b6:	ec 01       	movw	r28, r24
    12b8:	0f b6       	in	r0, 0x3f	; 63
    12ba:	f8 94       	cli
    12bc:	0f 92       	push	r0
    12be:	80 91 23 06 	lds	r24, 0x0623	; 0x800623 <uxCurrentNumberOfTasks>
    12c2:	8f 5f       	subi	r24, 0xFF	; 255
    12c4:	80 93 23 06 	sts	0x0623, r24	; 0x800623 <uxCurrentNumberOfTasks>
    12c8:	80 91 95 06 	lds	r24, 0x0695	; 0x800695 <pxCurrentTCB>
    12cc:	90 91 96 06 	lds	r25, 0x0696	; 0x800696 <pxCurrentTCB+0x1>
    12d0:	89 2b       	or	r24, r25
    12d2:	59 f4       	brne	.+22     	; 0x12ea <prvAddNewTaskToReadyList+0x38>
    12d4:	d0 93 96 06 	sts	0x0696, r29	; 0x800696 <pxCurrentTCB+0x1>
    12d8:	c0 93 95 06 	sts	0x0695, r28	; 0x800695 <pxCurrentTCB>
    12dc:	80 91 23 06 	lds	r24, 0x0623	; 0x800623 <uxCurrentNumberOfTasks>
    12e0:	81 30       	cpi	r24, 0x01	; 1
    12e2:	99 f4       	brne	.+38     	; 0x130a <prvAddNewTaskToReadyList+0x58>
    12e4:	0e 94 22 09 	call	0x1244	; 0x1244 <prvInitialiseTaskLists>
    12e8:	10 c0       	rjmp	.+32     	; 0x130a <prvAddNewTaskToReadyList+0x58>
    12ea:	80 91 1f 06 	lds	r24, 0x061F	; 0x80061f <xSchedulerRunning>
    12ee:	81 11       	cpse	r24, r1
    12f0:	0c c0       	rjmp	.+24     	; 0x130a <prvAddNewTaskToReadyList+0x58>
    12f2:	e0 91 95 06 	lds	r30, 0x0695	; 0x800695 <pxCurrentTCB>
    12f6:	f0 91 96 06 	lds	r31, 0x0696	; 0x800696 <pxCurrentTCB+0x1>
    12fa:	96 89       	ldd	r25, Z+22	; 0x16
    12fc:	8e 89       	ldd	r24, Y+22	; 0x16
    12fe:	89 17       	cp	r24, r25
    1300:	20 f0       	brcs	.+8      	; 0x130a <prvAddNewTaskToReadyList+0x58>
    1302:	d0 93 96 06 	sts	0x0696, r29	; 0x800696 <pxCurrentTCB+0x1>
    1306:	c0 93 95 06 	sts	0x0695, r28	; 0x800695 <pxCurrentTCB>
    130a:	80 91 1b 06 	lds	r24, 0x061B	; 0x80061b <uxTaskNumber>
    130e:	8f 5f       	subi	r24, 0xFF	; 255
    1310:	80 93 1b 06 	sts	0x061B, r24	; 0x80061b <uxTaskNumber>
    1314:	8e 89       	ldd	r24, Y+22	; 0x16
    1316:	90 91 20 06 	lds	r25, 0x0620	; 0x800620 <uxTopReadyPriority>
    131a:	98 17       	cp	r25, r24
    131c:	10 f4       	brcc	.+4      	; 0x1322 <prvAddNewTaskToReadyList+0x70>
    131e:	80 93 20 06 	sts	0x0620, r24	; 0x800620 <uxTopReadyPriority>
    1322:	90 e0       	ldi	r25, 0x00	; 0
    1324:	9c 01       	movw	r18, r24
    1326:	22 0f       	add	r18, r18
    1328:	33 1f       	adc	r19, r19
    132a:	22 0f       	add	r18, r18
    132c:	33 1f       	adc	r19, r19
    132e:	22 0f       	add	r18, r18
    1330:	33 1f       	adc	r19, r19
    1332:	82 0f       	add	r24, r18
    1334:	93 1f       	adc	r25, r19
    1336:	be 01       	movw	r22, r28
    1338:	6e 5f       	subi	r22, 0xFE	; 254
    133a:	7f 4f       	sbci	r23, 0xFF	; 255
    133c:	8a 5a       	subi	r24, 0xAA	; 170
    133e:	99 4f       	sbci	r25, 0xF9	; 249
    1340:	0e 94 18 04 	call	0x830	; 0x830 <vListInsertEnd>
    1344:	0f 90       	pop	r0
    1346:	0f be       	out	0x3f, r0	; 63
    1348:	80 91 1f 06 	lds	r24, 0x061F	; 0x80061f <xSchedulerRunning>
    134c:	88 23       	and	r24, r24
    134e:	51 f0       	breq	.+20     	; 0x1364 <prvAddNewTaskToReadyList+0xb2>
    1350:	e0 91 95 06 	lds	r30, 0x0695	; 0x800695 <pxCurrentTCB>
    1354:	f0 91 96 06 	lds	r31, 0x0696	; 0x800696 <pxCurrentTCB+0x1>
    1358:	96 89       	ldd	r25, Z+22	; 0x16
    135a:	8e 89       	ldd	r24, Y+22	; 0x16
    135c:	98 17       	cp	r25, r24
    135e:	10 f4       	brcc	.+4      	; 0x1364 <prvAddNewTaskToReadyList+0xb2>
    1360:	0e 94 34 05 	call	0xa68	; 0xa68 <vPortYield>
    1364:	df 91       	pop	r29
    1366:	cf 91       	pop	r28
    1368:	08 95       	ret

0000136a <prvAddCurrentTaskToDelayedList>:
    136a:	ff 92       	push	r15
    136c:	0f 93       	push	r16
    136e:	1f 93       	push	r17
    1370:	cf 93       	push	r28
    1372:	df 93       	push	r29
    1374:	ec 01       	movw	r28, r24
    1376:	f6 2e       	mov	r15, r22
    1378:	00 91 21 06 	lds	r16, 0x0621	; 0x800621 <xTickCount>
    137c:	10 91 22 06 	lds	r17, 0x0622	; 0x800622 <xTickCount+0x1>
    1380:	80 91 95 06 	lds	r24, 0x0695	; 0x800695 <pxCurrentTCB>
    1384:	90 91 96 06 	lds	r25, 0x0696	; 0x800696 <pxCurrentTCB+0x1>
    1388:	02 96       	adiw	r24, 0x02	; 2
    138a:	0e 94 6a 04 	call	0x8d4	; 0x8d4 <uxListRemove>
    138e:	cf 3f       	cpi	r28, 0xFF	; 255
    1390:	8f ef       	ldi	r24, 0xFF	; 255
    1392:	d8 07       	cpc	r29, r24
    1394:	69 f4       	brne	.+26     	; 0x13b0 <prvAddCurrentTaskToDelayedList+0x46>
    1396:	ff 20       	and	r15, r15
    1398:	59 f0       	breq	.+22     	; 0x13b0 <prvAddCurrentTaskToDelayedList+0x46>
    139a:	60 91 95 06 	lds	r22, 0x0695	; 0x800695 <pxCurrentTCB>
    139e:	70 91 96 06 	lds	r23, 0x0696	; 0x800696 <pxCurrentTCB+0x1>
    13a2:	6e 5f       	subi	r22, 0xFE	; 254
    13a4:	7f 4f       	sbci	r23, 0xFF	; 255
    13a6:	84 e2       	ldi	r24, 0x24	; 36
    13a8:	96 e0       	ldi	r25, 0x06	; 6
    13aa:	0e 94 18 04 	call	0x830	; 0x830 <vListInsertEnd>
    13ae:	2f c0       	rjmp	.+94     	; 0x140e <prvAddCurrentTaskToDelayedList+0xa4>
    13b0:	c0 0f       	add	r28, r16
    13b2:	d1 1f       	adc	r29, r17
    13b4:	e0 91 95 06 	lds	r30, 0x0695	; 0x800695 <pxCurrentTCB>
    13b8:	f0 91 96 06 	lds	r31, 0x0696	; 0x800696 <pxCurrentTCB+0x1>
    13bc:	d3 83       	std	Z+3, r29	; 0x03
    13be:	c2 83       	std	Z+2, r28	; 0x02
    13c0:	c0 17       	cp	r28, r16
    13c2:	d1 07       	cpc	r29, r17
    13c4:	68 f4       	brcc	.+26     	; 0x13e0 <prvAddCurrentTaskToDelayedList+0x76>
    13c6:	60 91 95 06 	lds	r22, 0x0695	; 0x800695 <pxCurrentTCB>
    13ca:	70 91 96 06 	lds	r23, 0x0696	; 0x800696 <pxCurrentTCB+0x1>
    13ce:	80 91 40 06 	lds	r24, 0x0640	; 0x800640 <pxOverflowDelayedTaskList>
    13d2:	90 91 41 06 	lds	r25, 0x0641	; 0x800641 <pxOverflowDelayedTaskList+0x1>
    13d6:	6e 5f       	subi	r22, 0xFE	; 254
    13d8:	7f 4f       	sbci	r23, 0xFF	; 255
    13da:	0e 94 39 04 	call	0x872	; 0x872 <vListInsert>
    13de:	17 c0       	rjmp	.+46     	; 0x140e <prvAddCurrentTaskToDelayedList+0xa4>
    13e0:	60 91 95 06 	lds	r22, 0x0695	; 0x800695 <pxCurrentTCB>
    13e4:	70 91 96 06 	lds	r23, 0x0696	; 0x800696 <pxCurrentTCB+0x1>
    13e8:	80 91 42 06 	lds	r24, 0x0642	; 0x800642 <pxDelayedTaskList>
    13ec:	90 91 43 06 	lds	r25, 0x0643	; 0x800643 <pxDelayedTaskList+0x1>
    13f0:	6e 5f       	subi	r22, 0xFE	; 254
    13f2:	7f 4f       	sbci	r23, 0xFF	; 255
    13f4:	0e 94 39 04 	call	0x872	; 0x872 <vListInsert>
    13f8:	80 91 19 06 	lds	r24, 0x0619	; 0x800619 <xNextTaskUnblockTime>
    13fc:	90 91 1a 06 	lds	r25, 0x061A	; 0x80061a <xNextTaskUnblockTime+0x1>
    1400:	c8 17       	cp	r28, r24
    1402:	d9 07       	cpc	r29, r25
    1404:	20 f4       	brcc	.+8      	; 0x140e <prvAddCurrentTaskToDelayedList+0xa4>
    1406:	d0 93 1a 06 	sts	0x061A, r29	; 0x80061a <xNextTaskUnblockTime+0x1>
    140a:	c0 93 19 06 	sts	0x0619, r28	; 0x800619 <xNextTaskUnblockTime>
    140e:	df 91       	pop	r29
    1410:	cf 91       	pop	r28
    1412:	1f 91       	pop	r17
    1414:	0f 91       	pop	r16
    1416:	ff 90       	pop	r15
    1418:	08 95       	ret

0000141a <xTaskCreate>:
    141a:	2f 92       	push	r2
    141c:	3f 92       	push	r3
    141e:	4f 92       	push	r4
    1420:	5f 92       	push	r5
    1422:	6f 92       	push	r6
    1424:	7f 92       	push	r7
    1426:	8f 92       	push	r8
    1428:	9f 92       	push	r9
    142a:	af 92       	push	r10
    142c:	bf 92       	push	r11
    142e:	cf 92       	push	r12
    1430:	df 92       	push	r13
    1432:	ef 92       	push	r14
    1434:	ff 92       	push	r15
    1436:	0f 93       	push	r16
    1438:	1f 93       	push	r17
    143a:	cf 93       	push	r28
    143c:	df 93       	push	r29
    143e:	3c 01       	movw	r6, r24
    1440:	1b 01       	movw	r2, r22
    1442:	5a 01       	movw	r10, r20
    1444:	29 01       	movw	r4, r18
    1446:	ca 01       	movw	r24, r20
    1448:	0e 94 57 03 	call	0x6ae	; 0x6ae <pvPortMalloc>
    144c:	6c 01       	movw	r12, r24
    144e:	89 2b       	or	r24, r25
    1450:	71 f0       	breq	.+28     	; 0x146e <xTaskCreate+0x54>
    1452:	88 e2       	ldi	r24, 0x28	; 40
    1454:	90 e0       	ldi	r25, 0x00	; 0
    1456:	0e 94 57 03 	call	0x6ae	; 0x6ae <pvPortMalloc>
    145a:	ec 01       	movw	r28, r24
    145c:	89 2b       	or	r24, r25
    145e:	19 f0       	breq	.+6      	; 0x1466 <xTaskCreate+0x4c>
    1460:	d8 8e       	std	Y+24, r13	; 0x18
    1462:	cf 8a       	std	Y+23, r12	; 0x17
    1464:	06 c0       	rjmp	.+12     	; 0x1472 <xTaskCreate+0x58>
    1466:	c6 01       	movw	r24, r12
    1468:	0e 94 d3 03 	call	0x7a6	; 0x7a6 <vPortFree>
    146c:	02 c0       	rjmp	.+4      	; 0x1472 <xTaskCreate+0x58>
    146e:	c0 e0       	ldi	r28, 0x00	; 0
    1470:	d0 e0       	ldi	r29, 0x00	; 0
    1472:	20 97       	sbiw	r28, 0x00	; 0
    1474:	91 f0       	breq	.+36     	; 0x149a <xTaskCreate+0x80>
    1476:	95 01       	movw	r18, r10
    1478:	40 e0       	ldi	r20, 0x00	; 0
    147a:	50 e0       	ldi	r21, 0x00	; 0
    147c:	81 2c       	mov	r8, r1
    147e:	91 2c       	mov	r9, r1
    1480:	5e 01       	movw	r10, r28
    1482:	67 01       	movw	r12, r14
    1484:	e0 2e       	mov	r14, r16
    1486:	82 01       	movw	r16, r4
    1488:	b1 01       	movw	r22, r2
    148a:	c3 01       	movw	r24, r6
    148c:	0e 94 b6 08 	call	0x116c	; 0x116c <prvInitialiseNewTask>
    1490:	ce 01       	movw	r24, r28
    1492:	0e 94 59 09 	call	0x12b2	; 0x12b2 <prvAddNewTaskToReadyList>
    1496:	81 e0       	ldi	r24, 0x01	; 1
    1498:	01 c0       	rjmp	.+2      	; 0x149c <xTaskCreate+0x82>
    149a:	8f ef       	ldi	r24, 0xFF	; 255
    149c:	df 91       	pop	r29
    149e:	cf 91       	pop	r28
    14a0:	1f 91       	pop	r17
    14a2:	0f 91       	pop	r16
    14a4:	ff 90       	pop	r15
    14a6:	ef 90       	pop	r14
    14a8:	df 90       	pop	r13
    14aa:	cf 90       	pop	r12
    14ac:	bf 90       	pop	r11
    14ae:	af 90       	pop	r10
    14b0:	9f 90       	pop	r9
    14b2:	8f 90       	pop	r8
    14b4:	7f 90       	pop	r7
    14b6:	6f 90       	pop	r6
    14b8:	5f 90       	pop	r5
    14ba:	4f 90       	pop	r4
    14bc:	3f 90       	pop	r3
    14be:	2f 90       	pop	r2
    14c0:	08 95       	ret

000014c2 <vTaskStartScheduler>:
    14c2:	ef 92       	push	r14
    14c4:	ff 92       	push	r15
    14c6:	0f 93       	push	r16
    14c8:	0f 2e       	mov	r0, r31
    14ca:	f7 e1       	ldi	r31, 0x17	; 23
    14cc:	ef 2e       	mov	r14, r31
    14ce:	f6 e0       	ldi	r31, 0x06	; 6
    14d0:	ff 2e       	mov	r15, r31
    14d2:	f0 2d       	mov	r31, r0
    14d4:	00 e0       	ldi	r16, 0x00	; 0
    14d6:	20 e0       	ldi	r18, 0x00	; 0
    14d8:	30 e0       	ldi	r19, 0x00	; 0
    14da:	40 e5       	ldi	r20, 0x50	; 80
    14dc:	50 e0       	ldi	r21, 0x00	; 0
    14de:	6d e0       	ldi	r22, 0x0D	; 13
    14e0:	71 e0       	ldi	r23, 0x01	; 1
    14e2:	81 e0       	ldi	r24, 0x01	; 1
    14e4:	9c e0       	ldi	r25, 0x0C	; 12
    14e6:	0e 94 0d 0a 	call	0x141a	; 0x141a <xTaskCreate>
    14ea:	81 30       	cpi	r24, 0x01	; 1
    14ec:	81 f4       	brne	.+32     	; 0x150e <vTaskStartScheduler+0x4c>
    14ee:	f8 94       	cli
    14f0:	8f ef       	ldi	r24, 0xFF	; 255
    14f2:	9f ef       	ldi	r25, 0xFF	; 255
    14f4:	90 93 1a 06 	sts	0x061A, r25	; 0x80061a <xNextTaskUnblockTime+0x1>
    14f8:	80 93 19 06 	sts	0x0619, r24	; 0x800619 <xNextTaskUnblockTime>
    14fc:	81 e0       	ldi	r24, 0x01	; 1
    14fe:	80 93 1f 06 	sts	0x061F, r24	; 0x80061f <xSchedulerRunning>
    1502:	10 92 22 06 	sts	0x0622, r1	; 0x800622 <xTickCount+0x1>
    1506:	10 92 21 06 	sts	0x0621, r1	; 0x800621 <xTickCount>
    150a:	0e 94 05 05 	call	0xa0a	; 0xa0a <xPortStartScheduler>
    150e:	0f 91       	pop	r16
    1510:	ff 90       	pop	r15
    1512:	ef 90       	pop	r14
    1514:	08 95       	ret

00001516 <vTaskSuspendAll>:
    1516:	80 91 16 06 	lds	r24, 0x0616	; 0x800616 <uxSchedulerSuspended>
    151a:	8f 5f       	subi	r24, 0xFF	; 255
    151c:	80 93 16 06 	sts	0x0616, r24	; 0x800616 <uxSchedulerSuspended>
    1520:	08 95       	ret

00001522 <xTaskIncrementTick>:
    1522:	df 92       	push	r13
    1524:	ef 92       	push	r14
    1526:	ff 92       	push	r15
    1528:	0f 93       	push	r16
    152a:	1f 93       	push	r17
    152c:	cf 93       	push	r28
    152e:	df 93       	push	r29
    1530:	80 91 16 06 	lds	r24, 0x0616	; 0x800616 <uxSchedulerSuspended>
    1534:	81 11       	cpse	r24, r1
    1536:	97 c0       	rjmp	.+302    	; 0x1666 <xTaskIncrementTick+0x144>
    1538:	e0 90 21 06 	lds	r14, 0x0621	; 0x800621 <xTickCount>
    153c:	f0 90 22 06 	lds	r15, 0x0622	; 0x800622 <xTickCount+0x1>
    1540:	8f ef       	ldi	r24, 0xFF	; 255
    1542:	e8 1a       	sub	r14, r24
    1544:	f8 0a       	sbc	r15, r24
    1546:	f0 92 22 06 	sts	0x0622, r15	; 0x800622 <xTickCount+0x1>
    154a:	e0 92 21 06 	sts	0x0621, r14	; 0x800621 <xTickCount>
    154e:	e1 14       	cp	r14, r1
    1550:	f1 04       	cpc	r15, r1
    1552:	b9 f4       	brne	.+46     	; 0x1582 <xTaskIncrementTick+0x60>
    1554:	80 91 42 06 	lds	r24, 0x0642	; 0x800642 <pxDelayedTaskList>
    1558:	90 91 43 06 	lds	r25, 0x0643	; 0x800643 <pxDelayedTaskList+0x1>
    155c:	20 91 40 06 	lds	r18, 0x0640	; 0x800640 <pxOverflowDelayedTaskList>
    1560:	30 91 41 06 	lds	r19, 0x0641	; 0x800641 <pxOverflowDelayedTaskList+0x1>
    1564:	30 93 43 06 	sts	0x0643, r19	; 0x800643 <pxDelayedTaskList+0x1>
    1568:	20 93 42 06 	sts	0x0642, r18	; 0x800642 <pxDelayedTaskList>
    156c:	90 93 41 06 	sts	0x0641, r25	; 0x800641 <pxOverflowDelayedTaskList+0x1>
    1570:	80 93 40 06 	sts	0x0640, r24	; 0x800640 <pxOverflowDelayedTaskList>
    1574:	80 91 1c 06 	lds	r24, 0x061C	; 0x80061c <xNumOfOverflows>
    1578:	8f 5f       	subi	r24, 0xFF	; 255
    157a:	80 93 1c 06 	sts	0x061C, r24	; 0x80061c <xNumOfOverflows>
    157e:	0e 94 8a 08 	call	0x1114	; 0x1114 <prvResetNextTaskUnblockTime>
    1582:	80 91 19 06 	lds	r24, 0x0619	; 0x800619 <xNextTaskUnblockTime>
    1586:	90 91 1a 06 	lds	r25, 0x061A	; 0x80061a <xNextTaskUnblockTime+0x1>
    158a:	e8 16       	cp	r14, r24
    158c:	f9 06       	cpc	r15, r25
    158e:	28 f4       	brcc	.+10     	; 0x159a <xTaskIncrementTick+0x78>
    1590:	d1 2c       	mov	r13, r1
    1592:	53 c0       	rjmp	.+166    	; 0x163a <xTaskIncrementTick+0x118>
    1594:	dd 24       	eor	r13, r13
    1596:	d3 94       	inc	r13
    1598:	01 c0       	rjmp	.+2      	; 0x159c <xTaskIncrementTick+0x7a>
    159a:	d1 2c       	mov	r13, r1
    159c:	e0 91 42 06 	lds	r30, 0x0642	; 0x800642 <pxDelayedTaskList>
    15a0:	f0 91 43 06 	lds	r31, 0x0643	; 0x800643 <pxDelayedTaskList+0x1>
    15a4:	80 81       	ld	r24, Z
    15a6:	81 11       	cpse	r24, r1
    15a8:	07 c0       	rjmp	.+14     	; 0x15b8 <xTaskIncrementTick+0x96>
    15aa:	8f ef       	ldi	r24, 0xFF	; 255
    15ac:	9f ef       	ldi	r25, 0xFF	; 255
    15ae:	90 93 1a 06 	sts	0x061A, r25	; 0x80061a <xNextTaskUnblockTime+0x1>
    15b2:	80 93 19 06 	sts	0x0619, r24	; 0x800619 <xNextTaskUnblockTime>
    15b6:	41 c0       	rjmp	.+130    	; 0x163a <xTaskIncrementTick+0x118>
    15b8:	e0 91 42 06 	lds	r30, 0x0642	; 0x800642 <pxDelayedTaskList>
    15bc:	f0 91 43 06 	lds	r31, 0x0643	; 0x800643 <pxDelayedTaskList+0x1>
    15c0:	05 80       	ldd	r0, Z+5	; 0x05
    15c2:	f6 81       	ldd	r31, Z+6	; 0x06
    15c4:	e0 2d       	mov	r30, r0
    15c6:	c6 81       	ldd	r28, Z+6	; 0x06
    15c8:	d7 81       	ldd	r29, Z+7	; 0x07
    15ca:	8a 81       	ldd	r24, Y+2	; 0x02
    15cc:	9b 81       	ldd	r25, Y+3	; 0x03
    15ce:	e8 16       	cp	r14, r24
    15d0:	f9 06       	cpc	r15, r25
    15d2:	28 f4       	brcc	.+10     	; 0x15de <xTaskIncrementTick+0xbc>
    15d4:	90 93 1a 06 	sts	0x061A, r25	; 0x80061a <xNextTaskUnblockTime+0x1>
    15d8:	80 93 19 06 	sts	0x0619, r24	; 0x800619 <xNextTaskUnblockTime>
    15dc:	2e c0       	rjmp	.+92     	; 0x163a <xTaskIncrementTick+0x118>
    15de:	8e 01       	movw	r16, r28
    15e0:	0e 5f       	subi	r16, 0xFE	; 254
    15e2:	1f 4f       	sbci	r17, 0xFF	; 255
    15e4:	c8 01       	movw	r24, r16
    15e6:	0e 94 6a 04 	call	0x8d4	; 0x8d4 <uxListRemove>
    15ea:	8c 89       	ldd	r24, Y+20	; 0x14
    15ec:	9d 89       	ldd	r25, Y+21	; 0x15
    15ee:	89 2b       	or	r24, r25
    15f0:	21 f0       	breq	.+8      	; 0x15fa <xTaskIncrementTick+0xd8>
    15f2:	ce 01       	movw	r24, r28
    15f4:	0c 96       	adiw	r24, 0x0c	; 12
    15f6:	0e 94 6a 04 	call	0x8d4	; 0x8d4 <uxListRemove>
    15fa:	8e 89       	ldd	r24, Y+22	; 0x16
    15fc:	90 91 20 06 	lds	r25, 0x0620	; 0x800620 <uxTopReadyPriority>
    1600:	98 17       	cp	r25, r24
    1602:	10 f4       	brcc	.+4      	; 0x1608 <xTaskIncrementTick+0xe6>
    1604:	80 93 20 06 	sts	0x0620, r24	; 0x800620 <uxTopReadyPriority>
    1608:	90 e0       	ldi	r25, 0x00	; 0
    160a:	9c 01       	movw	r18, r24
    160c:	22 0f       	add	r18, r18
    160e:	33 1f       	adc	r19, r19
    1610:	22 0f       	add	r18, r18
    1612:	33 1f       	adc	r19, r19
    1614:	22 0f       	add	r18, r18
    1616:	33 1f       	adc	r19, r19
    1618:	82 0f       	add	r24, r18
    161a:	93 1f       	adc	r25, r19
    161c:	b8 01       	movw	r22, r16
    161e:	8a 5a       	subi	r24, 0xAA	; 170
    1620:	99 4f       	sbci	r25, 0xF9	; 249
    1622:	0e 94 18 04 	call	0x830	; 0x830 <vListInsertEnd>
    1626:	9e 89       	ldd	r25, Y+22	; 0x16
    1628:	e0 91 95 06 	lds	r30, 0x0695	; 0x800695 <pxCurrentTCB>
    162c:	f0 91 96 06 	lds	r31, 0x0696	; 0x800696 <pxCurrentTCB+0x1>
    1630:	86 89       	ldd	r24, Z+22	; 0x16
    1632:	98 17       	cp	r25, r24
    1634:	08 f0       	brcs	.+2      	; 0x1638 <xTaskIncrementTick+0x116>
    1636:	ae cf       	rjmp	.-164    	; 0x1594 <xTaskIncrementTick+0x72>
    1638:	b1 cf       	rjmp	.-158    	; 0x159c <xTaskIncrementTick+0x7a>
    163a:	e0 91 95 06 	lds	r30, 0x0695	; 0x800695 <pxCurrentTCB>
    163e:	f0 91 96 06 	lds	r31, 0x0696	; 0x800696 <pxCurrentTCB+0x1>
    1642:	86 89       	ldd	r24, Z+22	; 0x16
    1644:	90 e0       	ldi	r25, 0x00	; 0
    1646:	fc 01       	movw	r30, r24
    1648:	ee 0f       	add	r30, r30
    164a:	ff 1f       	adc	r31, r31
    164c:	ee 0f       	add	r30, r30
    164e:	ff 1f       	adc	r31, r31
    1650:	ee 0f       	add	r30, r30
    1652:	ff 1f       	adc	r31, r31
    1654:	8e 0f       	add	r24, r30
    1656:	9f 1f       	adc	r25, r31
    1658:	fc 01       	movw	r30, r24
    165a:	ea 5a       	subi	r30, 0xAA	; 170
    165c:	f9 4f       	sbci	r31, 0xF9	; 249
    165e:	80 81       	ld	r24, Z
    1660:	82 30       	cpi	r24, 0x02	; 2
    1662:	40 f4       	brcc	.+16     	; 0x1674 <xTaskIncrementTick+0x152>
    1664:	09 c0       	rjmp	.+18     	; 0x1678 <xTaskIncrementTick+0x156>
    1666:	80 91 1e 06 	lds	r24, 0x061E	; 0x80061e <uxPendedTicks>
    166a:	8f 5f       	subi	r24, 0xFF	; 255
    166c:	80 93 1e 06 	sts	0x061E, r24	; 0x80061e <uxPendedTicks>
    1670:	d1 2c       	mov	r13, r1
    1672:	02 c0       	rjmp	.+4      	; 0x1678 <xTaskIncrementTick+0x156>
    1674:	dd 24       	eor	r13, r13
    1676:	d3 94       	inc	r13
    1678:	80 91 1d 06 	lds	r24, 0x061D	; 0x80061d <xYieldPending>
    167c:	88 23       	and	r24, r24
    167e:	11 f0       	breq	.+4      	; 0x1684 <xTaskIncrementTick+0x162>
    1680:	dd 24       	eor	r13, r13
    1682:	d3 94       	inc	r13
    1684:	8d 2d       	mov	r24, r13
    1686:	df 91       	pop	r29
    1688:	cf 91       	pop	r28
    168a:	1f 91       	pop	r17
    168c:	0f 91       	pop	r16
    168e:	ff 90       	pop	r15
    1690:	ef 90       	pop	r14
    1692:	df 90       	pop	r13
    1694:	08 95       	ret

00001696 <xTaskResumeAll>:
    1696:	0f 93       	push	r16
    1698:	1f 93       	push	r17
    169a:	cf 93       	push	r28
    169c:	df 93       	push	r29
    169e:	0f b6       	in	r0, 0x3f	; 63
    16a0:	f8 94       	cli
    16a2:	0f 92       	push	r0
    16a4:	80 91 16 06 	lds	r24, 0x0616	; 0x800616 <uxSchedulerSuspended>
    16a8:	81 50       	subi	r24, 0x01	; 1
    16aa:	80 93 16 06 	sts	0x0616, r24	; 0x800616 <uxSchedulerSuspended>
    16ae:	80 91 16 06 	lds	r24, 0x0616	; 0x800616 <uxSchedulerSuspended>
    16b2:	81 11       	cpse	r24, r1
    16b4:	58 c0       	rjmp	.+176    	; 0x1766 <xTaskResumeAll+0xd0>
    16b6:	80 91 23 06 	lds	r24, 0x0623	; 0x800623 <uxCurrentNumberOfTasks>
    16ba:	81 11       	cpse	r24, r1
    16bc:	33 c0       	rjmp	.+102    	; 0x1724 <xTaskResumeAll+0x8e>
    16be:	56 c0       	rjmp	.+172    	; 0x176c <xTaskResumeAll+0xd6>
    16c0:	e0 91 3c 06 	lds	r30, 0x063C	; 0x80063c <xPendingReadyList+0x5>
    16c4:	f0 91 3d 06 	lds	r31, 0x063D	; 0x80063d <xPendingReadyList+0x6>
    16c8:	c6 81       	ldd	r28, Z+6	; 0x06
    16ca:	d7 81       	ldd	r29, Z+7	; 0x07
    16cc:	ce 01       	movw	r24, r28
    16ce:	0c 96       	adiw	r24, 0x0c	; 12
    16d0:	0e 94 6a 04 	call	0x8d4	; 0x8d4 <uxListRemove>
    16d4:	8e 01       	movw	r16, r28
    16d6:	0e 5f       	subi	r16, 0xFE	; 254
    16d8:	1f 4f       	sbci	r17, 0xFF	; 255
    16da:	c8 01       	movw	r24, r16
    16dc:	0e 94 6a 04 	call	0x8d4	; 0x8d4 <uxListRemove>
    16e0:	8e 89       	ldd	r24, Y+22	; 0x16
    16e2:	90 91 20 06 	lds	r25, 0x0620	; 0x800620 <uxTopReadyPriority>
    16e6:	98 17       	cp	r25, r24
    16e8:	10 f4       	brcc	.+4      	; 0x16ee <xTaskResumeAll+0x58>
    16ea:	80 93 20 06 	sts	0x0620, r24	; 0x800620 <uxTopReadyPriority>
    16ee:	90 e0       	ldi	r25, 0x00	; 0
    16f0:	9c 01       	movw	r18, r24
    16f2:	22 0f       	add	r18, r18
    16f4:	33 1f       	adc	r19, r19
    16f6:	22 0f       	add	r18, r18
    16f8:	33 1f       	adc	r19, r19
    16fa:	22 0f       	add	r18, r18
    16fc:	33 1f       	adc	r19, r19
    16fe:	82 0f       	add	r24, r18
    1700:	93 1f       	adc	r25, r19
    1702:	b8 01       	movw	r22, r16
    1704:	8a 5a       	subi	r24, 0xAA	; 170
    1706:	99 4f       	sbci	r25, 0xF9	; 249
    1708:	0e 94 18 04 	call	0x830	; 0x830 <vListInsertEnd>
    170c:	9e 89       	ldd	r25, Y+22	; 0x16
    170e:	e0 91 95 06 	lds	r30, 0x0695	; 0x800695 <pxCurrentTCB>
    1712:	f0 91 96 06 	lds	r31, 0x0696	; 0x800696 <pxCurrentTCB+0x1>
    1716:	86 89       	ldd	r24, Z+22	; 0x16
    1718:	98 17       	cp	r25, r24
    171a:	30 f0       	brcs	.+12     	; 0x1728 <xTaskResumeAll+0x92>
    171c:	81 e0       	ldi	r24, 0x01	; 1
    171e:	80 93 1d 06 	sts	0x061D, r24	; 0x80061d <xYieldPending>
    1722:	02 c0       	rjmp	.+4      	; 0x1728 <xTaskResumeAll+0x92>
    1724:	c0 e0       	ldi	r28, 0x00	; 0
    1726:	d0 e0       	ldi	r29, 0x00	; 0
    1728:	80 91 37 06 	lds	r24, 0x0637	; 0x800637 <xPendingReadyList>
    172c:	81 11       	cpse	r24, r1
    172e:	c8 cf       	rjmp	.-112    	; 0x16c0 <xTaskResumeAll+0x2a>
    1730:	cd 2b       	or	r28, r29
    1732:	11 f0       	breq	.+4      	; 0x1738 <xTaskResumeAll+0xa2>
    1734:	0e 94 8a 08 	call	0x1114	; 0x1114 <prvResetNextTaskUnblockTime>
    1738:	c0 91 1e 06 	lds	r28, 0x061E	; 0x80061e <uxPendedTicks>
    173c:	cc 23       	and	r28, r28
    173e:	59 f0       	breq	.+22     	; 0x1756 <xTaskResumeAll+0xc0>
    1740:	0e 94 91 0a 	call	0x1522	; 0x1522 <xTaskIncrementTick>
    1744:	88 23       	and	r24, r24
    1746:	19 f0       	breq	.+6      	; 0x174e <xTaskResumeAll+0xb8>
    1748:	81 e0       	ldi	r24, 0x01	; 1
    174a:	80 93 1d 06 	sts	0x061D, r24	; 0x80061d <xYieldPending>
    174e:	c1 50       	subi	r28, 0x01	; 1
    1750:	b9 f7       	brne	.-18     	; 0x1740 <xTaskResumeAll+0xaa>
    1752:	10 92 1e 06 	sts	0x061E, r1	; 0x80061e <uxPendedTicks>
    1756:	80 91 1d 06 	lds	r24, 0x061D	; 0x80061d <xYieldPending>
    175a:	88 23       	and	r24, r24
    175c:	31 f0       	breq	.+12     	; 0x176a <xTaskResumeAll+0xd4>
    175e:	0e 94 34 05 	call	0xa68	; 0xa68 <vPortYield>
    1762:	81 e0       	ldi	r24, 0x01	; 1
    1764:	03 c0       	rjmp	.+6      	; 0x176c <xTaskResumeAll+0xd6>
    1766:	80 e0       	ldi	r24, 0x00	; 0
    1768:	01 c0       	rjmp	.+2      	; 0x176c <xTaskResumeAll+0xd6>
    176a:	80 e0       	ldi	r24, 0x00	; 0
    176c:	0f 90       	pop	r0
    176e:	0f be       	out	0x3f, r0	; 63
    1770:	df 91       	pop	r29
    1772:	cf 91       	pop	r28
    1774:	1f 91       	pop	r17
    1776:	0f 91       	pop	r16
    1778:	08 95       	ret

0000177a <vTaskDelay>:
    177a:	cf 93       	push	r28
    177c:	df 93       	push	r29
    177e:	ec 01       	movw	r28, r24
    1780:	89 2b       	or	r24, r25
    1782:	49 f0       	breq	.+18     	; 0x1796 <vTaskDelay+0x1c>
    1784:	0e 94 8b 0a 	call	0x1516	; 0x1516 <vTaskSuspendAll>
    1788:	60 e0       	ldi	r22, 0x00	; 0
    178a:	ce 01       	movw	r24, r28
    178c:	0e 94 b5 09 	call	0x136a	; 0x136a <prvAddCurrentTaskToDelayedList>
    1790:	0e 94 4b 0b 	call	0x1696	; 0x1696 <xTaskResumeAll>
    1794:	01 c0       	rjmp	.+2      	; 0x1798 <vTaskDelay+0x1e>
    1796:	80 e0       	ldi	r24, 0x00	; 0
    1798:	81 11       	cpse	r24, r1
    179a:	02 c0       	rjmp	.+4      	; 0x17a0 <vTaskDelay+0x26>
    179c:	0e 94 34 05 	call	0xa68	; 0xa68 <vPortYield>
    17a0:	df 91       	pop	r29
    17a2:	cf 91       	pop	r28
    17a4:	08 95       	ret

000017a6 <prvCheckTasksWaitingTermination>:
    17a6:	cf 93       	push	r28
    17a8:	df 93       	push	r29
    17aa:	24 c0       	rjmp	.+72     	; 0x17f4 <prvCheckTasksWaitingTermination+0x4e>
    17ac:	0e 94 8b 0a 	call	0x1516	; 0x1516 <vTaskSuspendAll>
    17b0:	c0 91 2e 06 	lds	r28, 0x062E	; 0x80062e <xTasksWaitingTermination>
    17b4:	0e 94 4b 0b 	call	0x1696	; 0x1696 <xTaskResumeAll>
    17b8:	cc 23       	and	r28, r28
    17ba:	e1 f0       	breq	.+56     	; 0x17f4 <prvCheckTasksWaitingTermination+0x4e>
    17bc:	0f b6       	in	r0, 0x3f	; 63
    17be:	f8 94       	cli
    17c0:	0f 92       	push	r0
    17c2:	e0 91 33 06 	lds	r30, 0x0633	; 0x800633 <xTasksWaitingTermination+0x5>
    17c6:	f0 91 34 06 	lds	r31, 0x0634	; 0x800634 <xTasksWaitingTermination+0x6>
    17ca:	c6 81       	ldd	r28, Z+6	; 0x06
    17cc:	d7 81       	ldd	r29, Z+7	; 0x07
    17ce:	ce 01       	movw	r24, r28
    17d0:	02 96       	adiw	r24, 0x02	; 2
    17d2:	0e 94 6a 04 	call	0x8d4	; 0x8d4 <uxListRemove>
    17d6:	80 91 23 06 	lds	r24, 0x0623	; 0x800623 <uxCurrentNumberOfTasks>
    17da:	81 50       	subi	r24, 0x01	; 1
    17dc:	80 93 23 06 	sts	0x0623, r24	; 0x800623 <uxCurrentNumberOfTasks>
    17e0:	80 91 2d 06 	lds	r24, 0x062D	; 0x80062d <uxDeletedTasksWaitingCleanUp>
    17e4:	81 50       	subi	r24, 0x01	; 1
    17e6:	80 93 2d 06 	sts	0x062D, r24	; 0x80062d <uxDeletedTasksWaitingCleanUp>
    17ea:	0f 90       	pop	r0
    17ec:	0f be       	out	0x3f, r0	; 63
    17ee:	ce 01       	movw	r24, r28
    17f0:	0e 94 a9 08 	call	0x1152	; 0x1152 <prvDeleteTCB>
    17f4:	80 91 2d 06 	lds	r24, 0x062D	; 0x80062d <uxDeletedTasksWaitingCleanUp>
    17f8:	81 11       	cpse	r24, r1
    17fa:	d8 cf       	rjmp	.-80     	; 0x17ac <prvCheckTasksWaitingTermination+0x6>
    17fc:	df 91       	pop	r29
    17fe:	cf 91       	pop	r28
    1800:	08 95       	ret

00001802 <prvIdleTask>:
    1802:	0e 94 d3 0b 	call	0x17a6	; 0x17a6 <prvCheckTasksWaitingTermination>
    1806:	fd cf       	rjmp	.-6      	; 0x1802 <prvIdleTask>

00001808 <vTaskSwitchContext>:
    1808:	80 91 16 06 	lds	r24, 0x0616	; 0x800616 <uxSchedulerSuspended>
    180c:	88 23       	and	r24, r24
    180e:	21 f0       	breq	.+8      	; 0x1818 <vTaskSwitchContext+0x10>
    1810:	81 e0       	ldi	r24, 0x01	; 1
    1812:	80 93 1d 06 	sts	0x061D, r24	; 0x80061d <xYieldPending>
    1816:	08 95       	ret
    1818:	10 92 1d 06 	sts	0x061D, r1	; 0x80061d <xYieldPending>
    181c:	20 91 20 06 	lds	r18, 0x0620	; 0x800620 <uxTopReadyPriority>
    1820:	01 c0       	rjmp	.+2      	; 0x1824 <vTaskSwitchContext+0x1c>
    1822:	21 50       	subi	r18, 0x01	; 1
    1824:	82 2f       	mov	r24, r18
    1826:	90 e0       	ldi	r25, 0x00	; 0
    1828:	fc 01       	movw	r30, r24
    182a:	ee 0f       	add	r30, r30
    182c:	ff 1f       	adc	r31, r31
    182e:	ee 0f       	add	r30, r30
    1830:	ff 1f       	adc	r31, r31
    1832:	ee 0f       	add	r30, r30
    1834:	ff 1f       	adc	r31, r31
    1836:	e8 0f       	add	r30, r24
    1838:	f9 1f       	adc	r31, r25
    183a:	ea 5a       	subi	r30, 0xAA	; 170
    183c:	f9 4f       	sbci	r31, 0xF9	; 249
    183e:	30 81       	ld	r19, Z
    1840:	33 23       	and	r19, r19
    1842:	79 f3       	breq	.-34     	; 0x1822 <vTaskSwitchContext+0x1a>
    1844:	ac 01       	movw	r20, r24
    1846:	44 0f       	add	r20, r20
    1848:	55 1f       	adc	r21, r21
    184a:	44 0f       	add	r20, r20
    184c:	55 1f       	adc	r21, r21
    184e:	44 0f       	add	r20, r20
    1850:	55 1f       	adc	r21, r21
    1852:	48 0f       	add	r20, r24
    1854:	59 1f       	adc	r21, r25
    1856:	df 01       	movw	r26, r30
    1858:	01 80       	ldd	r0, Z+1	; 0x01
    185a:	f2 81       	ldd	r31, Z+2	; 0x02
    185c:	e0 2d       	mov	r30, r0
    185e:	02 80       	ldd	r0, Z+2	; 0x02
    1860:	f3 81       	ldd	r31, Z+3	; 0x03
    1862:	e0 2d       	mov	r30, r0
    1864:	12 96       	adiw	r26, 0x02	; 2
    1866:	fc 93       	st	X, r31
    1868:	ee 93       	st	-X, r30
    186a:	11 97       	sbiw	r26, 0x01	; 1
    186c:	47 5a       	subi	r20, 0xA7	; 167
    186e:	59 4f       	sbci	r21, 0xF9	; 249
    1870:	e4 17       	cp	r30, r20
    1872:	f5 07       	cpc	r31, r21
    1874:	29 f4       	brne	.+10     	; 0x1880 <vTaskSwitchContext+0x78>
    1876:	42 81       	ldd	r20, Z+2	; 0x02
    1878:	53 81       	ldd	r21, Z+3	; 0x03
    187a:	fd 01       	movw	r30, r26
    187c:	52 83       	std	Z+2, r21	; 0x02
    187e:	41 83       	std	Z+1, r20	; 0x01
    1880:	fc 01       	movw	r30, r24
    1882:	ee 0f       	add	r30, r30
    1884:	ff 1f       	adc	r31, r31
    1886:	ee 0f       	add	r30, r30
    1888:	ff 1f       	adc	r31, r31
    188a:	ee 0f       	add	r30, r30
    188c:	ff 1f       	adc	r31, r31
    188e:	8e 0f       	add	r24, r30
    1890:	9f 1f       	adc	r25, r31
    1892:	fc 01       	movw	r30, r24
    1894:	ea 5a       	subi	r30, 0xAA	; 170
    1896:	f9 4f       	sbci	r31, 0xF9	; 249
    1898:	01 80       	ldd	r0, Z+1	; 0x01
    189a:	f2 81       	ldd	r31, Z+2	; 0x02
    189c:	e0 2d       	mov	r30, r0
    189e:	86 81       	ldd	r24, Z+6	; 0x06
    18a0:	97 81       	ldd	r25, Z+7	; 0x07
    18a2:	90 93 96 06 	sts	0x0696, r25	; 0x800696 <pxCurrentTCB+0x1>
    18a6:	80 93 95 06 	sts	0x0695, r24	; 0x800695 <pxCurrentTCB>
    18aa:	20 93 20 06 	sts	0x0620, r18	; 0x800620 <uxTopReadyPriority>
    18ae:	08 95       	ret

000018b0 <vTaskSuspend>:
    18b0:	0f 93       	push	r16
    18b2:	1f 93       	push	r17
    18b4:	cf 93       	push	r28
    18b6:	df 93       	push	r29
    18b8:	ec 01       	movw	r28, r24
    18ba:	0f b6       	in	r0, 0x3f	; 63
    18bc:	f8 94       	cli
    18be:	0f 92       	push	r0
    18c0:	89 2b       	or	r24, r25
    18c2:	21 f4       	brne	.+8      	; 0x18cc <vTaskSuspend+0x1c>
    18c4:	c0 91 95 06 	lds	r28, 0x0695	; 0x800695 <pxCurrentTCB>
    18c8:	d0 91 96 06 	lds	r29, 0x0696	; 0x800696 <pxCurrentTCB+0x1>
    18cc:	8e 01       	movw	r16, r28
    18ce:	0e 5f       	subi	r16, 0xFE	; 254
    18d0:	1f 4f       	sbci	r17, 0xFF	; 255
    18d2:	c8 01       	movw	r24, r16
    18d4:	0e 94 6a 04 	call	0x8d4	; 0x8d4 <uxListRemove>
    18d8:	8c 89       	ldd	r24, Y+20	; 0x14
    18da:	9d 89       	ldd	r25, Y+21	; 0x15
    18dc:	89 2b       	or	r24, r25
    18de:	21 f0       	breq	.+8      	; 0x18e8 <vTaskSuspend+0x38>
    18e0:	ce 01       	movw	r24, r28
    18e2:	0c 96       	adiw	r24, 0x0c	; 12
    18e4:	0e 94 6a 04 	call	0x8d4	; 0x8d4 <uxListRemove>
    18e8:	b8 01       	movw	r22, r16
    18ea:	84 e2       	ldi	r24, 0x24	; 36
    18ec:	96 e0       	ldi	r25, 0x06	; 6
    18ee:	0e 94 18 04 	call	0x830	; 0x830 <vListInsertEnd>
    18f2:	0f 90       	pop	r0
    18f4:	0f be       	out	0x3f, r0	; 63
    18f6:	80 91 1f 06 	lds	r24, 0x061F	; 0x80061f <xSchedulerRunning>
    18fa:	88 23       	and	r24, r24
    18fc:	39 f0       	breq	.+14     	; 0x190c <vTaskSuspend+0x5c>
    18fe:	0f b6       	in	r0, 0x3f	; 63
    1900:	f8 94       	cli
    1902:	0f 92       	push	r0
    1904:	0e 94 8a 08 	call	0x1114	; 0x1114 <prvResetNextTaskUnblockTime>
    1908:	0f 90       	pop	r0
    190a:	0f be       	out	0x3f, r0	; 63
    190c:	80 91 95 06 	lds	r24, 0x0695	; 0x800695 <pxCurrentTCB>
    1910:	90 91 96 06 	lds	r25, 0x0696	; 0x800696 <pxCurrentTCB+0x1>
    1914:	c8 17       	cp	r28, r24
    1916:	d9 07       	cpc	r29, r25
    1918:	a1 f4       	brne	.+40     	; 0x1942 <vTaskSuspend+0x92>
    191a:	80 91 1f 06 	lds	r24, 0x061F	; 0x80061f <xSchedulerRunning>
    191e:	88 23       	and	r24, r24
    1920:	19 f0       	breq	.+6      	; 0x1928 <vTaskSuspend+0x78>
    1922:	0e 94 34 05 	call	0xa68	; 0xa68 <vPortYield>
    1926:	0d c0       	rjmp	.+26     	; 0x1942 <vTaskSuspend+0x92>
    1928:	90 91 24 06 	lds	r25, 0x0624	; 0x800624 <xSuspendedTaskList>
    192c:	80 91 23 06 	lds	r24, 0x0623	; 0x800623 <uxCurrentNumberOfTasks>
    1930:	98 13       	cpse	r25, r24
    1932:	05 c0       	rjmp	.+10     	; 0x193e <vTaskSuspend+0x8e>
    1934:	10 92 96 06 	sts	0x0696, r1	; 0x800696 <pxCurrentTCB+0x1>
    1938:	10 92 95 06 	sts	0x0695, r1	; 0x800695 <pxCurrentTCB>
    193c:	02 c0       	rjmp	.+4      	; 0x1942 <vTaskSuspend+0x92>
    193e:	0e 94 04 0c 	call	0x1808	; 0x1808 <vTaskSwitchContext>
    1942:	df 91       	pop	r29
    1944:	cf 91       	pop	r28
    1946:	1f 91       	pop	r17
    1948:	0f 91       	pop	r16
    194a:	08 95       	ret

0000194c <vTaskPlaceOnEventList>:
    194c:	cf 93       	push	r28
    194e:	df 93       	push	r29
    1950:	eb 01       	movw	r28, r22
    1952:	60 91 95 06 	lds	r22, 0x0695	; 0x800695 <pxCurrentTCB>
    1956:	70 91 96 06 	lds	r23, 0x0696	; 0x800696 <pxCurrentTCB+0x1>
    195a:	64 5f       	subi	r22, 0xF4	; 244
    195c:	7f 4f       	sbci	r23, 0xFF	; 255
    195e:	0e 94 39 04 	call	0x872	; 0x872 <vListInsert>
    1962:	61 e0       	ldi	r22, 0x01	; 1
    1964:	ce 01       	movw	r24, r28
    1966:	0e 94 b5 09 	call	0x136a	; 0x136a <prvAddCurrentTaskToDelayedList>
    196a:	df 91       	pop	r29
    196c:	cf 91       	pop	r28
    196e:	08 95       	ret

00001970 <xTaskRemoveFromEventList>:
    1970:	0f 93       	push	r16
    1972:	1f 93       	push	r17
    1974:	cf 93       	push	r28
    1976:	df 93       	push	r29
    1978:	dc 01       	movw	r26, r24
    197a:	15 96       	adiw	r26, 0x05	; 5
    197c:	ed 91       	ld	r30, X+
    197e:	fc 91       	ld	r31, X
    1980:	16 97       	sbiw	r26, 0x06	; 6
    1982:	c6 81       	ldd	r28, Z+6	; 0x06
    1984:	d7 81       	ldd	r29, Z+7	; 0x07
    1986:	8e 01       	movw	r16, r28
    1988:	04 5f       	subi	r16, 0xF4	; 244
    198a:	1f 4f       	sbci	r17, 0xFF	; 255
    198c:	c8 01       	movw	r24, r16
    198e:	0e 94 6a 04 	call	0x8d4	; 0x8d4 <uxListRemove>
    1992:	80 91 16 06 	lds	r24, 0x0616	; 0x800616 <uxSchedulerSuspended>
    1996:	81 11       	cpse	r24, r1
    1998:	1c c0       	rjmp	.+56     	; 0x19d2 <xTaskRemoveFromEventList+0x62>
    199a:	0a 50       	subi	r16, 0x0A	; 10
    199c:	11 09       	sbc	r17, r1
    199e:	c8 01       	movw	r24, r16
    19a0:	0e 94 6a 04 	call	0x8d4	; 0x8d4 <uxListRemove>
    19a4:	8e 89       	ldd	r24, Y+22	; 0x16
    19a6:	90 91 20 06 	lds	r25, 0x0620	; 0x800620 <uxTopReadyPriority>
    19aa:	98 17       	cp	r25, r24
    19ac:	10 f4       	brcc	.+4      	; 0x19b2 <xTaskRemoveFromEventList+0x42>
    19ae:	80 93 20 06 	sts	0x0620, r24	; 0x800620 <uxTopReadyPriority>
    19b2:	90 e0       	ldi	r25, 0x00	; 0
    19b4:	9c 01       	movw	r18, r24
    19b6:	22 0f       	add	r18, r18
    19b8:	33 1f       	adc	r19, r19
    19ba:	22 0f       	add	r18, r18
    19bc:	33 1f       	adc	r19, r19
    19be:	22 0f       	add	r18, r18
    19c0:	33 1f       	adc	r19, r19
    19c2:	82 0f       	add	r24, r18
    19c4:	93 1f       	adc	r25, r19
    19c6:	b8 01       	movw	r22, r16
    19c8:	8a 5a       	subi	r24, 0xAA	; 170
    19ca:	99 4f       	sbci	r25, 0xF9	; 249
    19cc:	0e 94 18 04 	call	0x830	; 0x830 <vListInsertEnd>
    19d0:	05 c0       	rjmp	.+10     	; 0x19dc <xTaskRemoveFromEventList+0x6c>
    19d2:	b8 01       	movw	r22, r16
    19d4:	87 e3       	ldi	r24, 0x37	; 55
    19d6:	96 e0       	ldi	r25, 0x06	; 6
    19d8:	0e 94 18 04 	call	0x830	; 0x830 <vListInsertEnd>
    19dc:	9e 89       	ldd	r25, Y+22	; 0x16
    19de:	e0 91 95 06 	lds	r30, 0x0695	; 0x800695 <pxCurrentTCB>
    19e2:	f0 91 96 06 	lds	r31, 0x0696	; 0x800696 <pxCurrentTCB+0x1>
    19e6:	86 89       	ldd	r24, Z+22	; 0x16
    19e8:	89 17       	cp	r24, r25
    19ea:	20 f4       	brcc	.+8      	; 0x19f4 <xTaskRemoveFromEventList+0x84>
    19ec:	81 e0       	ldi	r24, 0x01	; 1
    19ee:	80 93 1d 06 	sts	0x061D, r24	; 0x80061d <xYieldPending>
    19f2:	01 c0       	rjmp	.+2      	; 0x19f6 <xTaskRemoveFromEventList+0x86>
    19f4:	80 e0       	ldi	r24, 0x00	; 0
    19f6:	df 91       	pop	r29
    19f8:	cf 91       	pop	r28
    19fa:	1f 91       	pop	r17
    19fc:	0f 91       	pop	r16
    19fe:	08 95       	ret

00001a00 <vTaskSetTimeOutState>:
    1a00:	20 91 1c 06 	lds	r18, 0x061C	; 0x80061c <xNumOfOverflows>
    1a04:	fc 01       	movw	r30, r24
    1a06:	20 83       	st	Z, r18
    1a08:	20 91 21 06 	lds	r18, 0x0621	; 0x800621 <xTickCount>
    1a0c:	30 91 22 06 	lds	r19, 0x0622	; 0x800622 <xTickCount+0x1>
    1a10:	32 83       	std	Z+2, r19	; 0x02
    1a12:	21 83       	std	Z+1, r18	; 0x01
    1a14:	08 95       	ret

00001a16 <xTaskCheckForTimeOut>:
    1a16:	0f b6       	in	r0, 0x3f	; 63
    1a18:	f8 94       	cli
    1a1a:	0f 92       	push	r0
    1a1c:	40 91 21 06 	lds	r20, 0x0621	; 0x800621 <xTickCount>
    1a20:	50 91 22 06 	lds	r21, 0x0622	; 0x800622 <xTickCount+0x1>
    1a24:	db 01       	movw	r26, r22
    1a26:	2d 91       	ld	r18, X+
    1a28:	3c 91       	ld	r19, X
    1a2a:	2f 3f       	cpi	r18, 0xFF	; 255
    1a2c:	bf ef       	ldi	r27, 0xFF	; 255
    1a2e:	3b 07       	cpc	r19, r27
    1a30:	19 f1       	breq	.+70     	; 0x1a78 <xTaskCheckForTimeOut+0x62>
    1a32:	dc 01       	movw	r26, r24
    1a34:	fc 91       	ld	r31, X
    1a36:	e0 91 1c 06 	lds	r30, 0x061C	; 0x80061c <xNumOfOverflows>
    1a3a:	fe 17       	cp	r31, r30
    1a3c:	39 f0       	breq	.+14     	; 0x1a4c <xTaskCheckForTimeOut+0x36>
    1a3e:	11 96       	adiw	r26, 0x01	; 1
    1a40:	ed 91       	ld	r30, X+
    1a42:	fc 91       	ld	r31, X
    1a44:	12 97       	sbiw	r26, 0x02	; 2
    1a46:	4e 17       	cp	r20, r30
    1a48:	5f 07       	cpc	r21, r31
    1a4a:	c0 f4       	brcc	.+48     	; 0x1a7c <xTaskCheckForTimeOut+0x66>
    1a4c:	dc 01       	movw	r26, r24
    1a4e:	11 96       	adiw	r26, 0x01	; 1
    1a50:	ed 91       	ld	r30, X+
    1a52:	fc 91       	ld	r31, X
    1a54:	12 97       	sbiw	r26, 0x02	; 2
    1a56:	da 01       	movw	r26, r20
    1a58:	ae 1b       	sub	r26, r30
    1a5a:	bf 0b       	sbc	r27, r31
    1a5c:	a2 17       	cp	r26, r18
    1a5e:	b3 07       	cpc	r27, r19
    1a60:	78 f4       	brcc	.+30     	; 0x1a80 <xTaskCheckForTimeOut+0x6a>
    1a62:	db 01       	movw	r26, r22
    1a64:	e4 1b       	sub	r30, r20
    1a66:	f5 0b       	sbc	r31, r21
    1a68:	2e 0f       	add	r18, r30
    1a6a:	3f 1f       	adc	r19, r31
    1a6c:	2d 93       	st	X+, r18
    1a6e:	3c 93       	st	X, r19
    1a70:	0e 94 00 0d 	call	0x1a00	; 0x1a00 <vTaskSetTimeOutState>
    1a74:	80 e0       	ldi	r24, 0x00	; 0
    1a76:	05 c0       	rjmp	.+10     	; 0x1a82 <xTaskCheckForTimeOut+0x6c>
    1a78:	80 e0       	ldi	r24, 0x00	; 0
    1a7a:	03 c0       	rjmp	.+6      	; 0x1a82 <xTaskCheckForTimeOut+0x6c>
    1a7c:	81 e0       	ldi	r24, 0x01	; 1
    1a7e:	01 c0       	rjmp	.+2      	; 0x1a82 <xTaskCheckForTimeOut+0x6c>
    1a80:	81 e0       	ldi	r24, 0x01	; 1
    1a82:	0f 90       	pop	r0
    1a84:	0f be       	out	0x3f, r0	; 63
    1a86:	08 95       	ret

00001a88 <vTaskMissedYield>:
    1a88:	81 e0       	ldi	r24, 0x01	; 1
    1a8a:	80 93 1d 06 	sts	0x061D, r24	; 0x80061d <xYieldPending>
    1a8e:	08 95       	ret

00001a90 <vTaskPriorityInherit>:
    1a90:	0f 93       	push	r16
    1a92:	1f 93       	push	r17
    1a94:	cf 93       	push	r28
    1a96:	df 93       	push	r29
    1a98:	fc 01       	movw	r30, r24
    1a9a:	89 2b       	or	r24, r25
    1a9c:	09 f4       	brne	.+2      	; 0x1aa0 <vTaskPriorityInherit+0x10>
    1a9e:	55 c0       	rjmp	.+170    	; 0x1b4a <vTaskPriorityInherit+0xba>
    1aa0:	26 89       	ldd	r18, Z+22	; 0x16
    1aa2:	a0 91 95 06 	lds	r26, 0x0695	; 0x800695 <pxCurrentTCB>
    1aa6:	b0 91 96 06 	lds	r27, 0x0696	; 0x800696 <pxCurrentTCB+0x1>
    1aaa:	56 96       	adiw	r26, 0x16	; 22
    1aac:	8c 91       	ld	r24, X
    1aae:	28 17       	cp	r18, r24
    1ab0:	08 f0       	brcs	.+2      	; 0x1ab4 <vTaskPriorityInherit+0x24>
    1ab2:	4b c0       	rjmp	.+150    	; 0x1b4a <vTaskPriorityInherit+0xba>
    1ab4:	84 85       	ldd	r24, Z+12	; 0x0c
    1ab6:	95 85       	ldd	r25, Z+13	; 0x0d
    1ab8:	99 23       	and	r25, r25
    1aba:	64 f0       	brlt	.+24     	; 0x1ad4 <vTaskPriorityInherit+0x44>
    1abc:	a0 91 95 06 	lds	r26, 0x0695	; 0x800695 <pxCurrentTCB>
    1ac0:	b0 91 96 06 	lds	r27, 0x0696	; 0x800696 <pxCurrentTCB+0x1>
    1ac4:	56 96       	adiw	r26, 0x16	; 22
    1ac6:	3c 91       	ld	r19, X
    1ac8:	87 e0       	ldi	r24, 0x07	; 7
    1aca:	90 e0       	ldi	r25, 0x00	; 0
    1acc:	83 1b       	sub	r24, r19
    1ace:	91 09       	sbc	r25, r1
    1ad0:	95 87       	std	Z+13, r25	; 0x0d
    1ad2:	84 87       	std	Z+12, r24	; 0x0c
    1ad4:	82 85       	ldd	r24, Z+10	; 0x0a
    1ad6:	93 85       	ldd	r25, Z+11	; 0x0b
    1ad8:	30 e0       	ldi	r19, 0x00	; 0
    1ada:	a9 01       	movw	r20, r18
    1adc:	44 0f       	add	r20, r20
    1ade:	55 1f       	adc	r21, r21
    1ae0:	44 0f       	add	r20, r20
    1ae2:	55 1f       	adc	r21, r21
    1ae4:	44 0f       	add	r20, r20
    1ae6:	55 1f       	adc	r21, r21
    1ae8:	24 0f       	add	r18, r20
    1aea:	35 1f       	adc	r19, r21
    1aec:	2a 5a       	subi	r18, 0xAA	; 170
    1aee:	39 4f       	sbci	r19, 0xF9	; 249
    1af0:	82 17       	cp	r24, r18
    1af2:	93 07       	cpc	r25, r19
    1af4:	19 f5       	brne	.+70     	; 0x1b3c <vTaskPriorityInherit+0xac>
    1af6:	8f 01       	movw	r16, r30
    1af8:	ef 01       	movw	r28, r30
    1afa:	22 96       	adiw	r28, 0x02	; 2
    1afc:	ce 01       	movw	r24, r28
    1afe:	0e 94 6a 04 	call	0x8d4	; 0x8d4 <uxListRemove>
    1b02:	e0 91 95 06 	lds	r30, 0x0695	; 0x800695 <pxCurrentTCB>
    1b06:	f0 91 96 06 	lds	r31, 0x0696	; 0x800696 <pxCurrentTCB+0x1>
    1b0a:	86 89       	ldd	r24, Z+22	; 0x16
    1b0c:	f8 01       	movw	r30, r16
    1b0e:	86 8b       	std	Z+22, r24	; 0x16
    1b10:	90 91 20 06 	lds	r25, 0x0620	; 0x800620 <uxTopReadyPriority>
    1b14:	98 17       	cp	r25, r24
    1b16:	10 f4       	brcc	.+4      	; 0x1b1c <vTaskPriorityInherit+0x8c>
    1b18:	80 93 20 06 	sts	0x0620, r24	; 0x800620 <uxTopReadyPriority>
    1b1c:	90 e0       	ldi	r25, 0x00	; 0
    1b1e:	9c 01       	movw	r18, r24
    1b20:	22 0f       	add	r18, r18
    1b22:	33 1f       	adc	r19, r19
    1b24:	22 0f       	add	r18, r18
    1b26:	33 1f       	adc	r19, r19
    1b28:	22 0f       	add	r18, r18
    1b2a:	33 1f       	adc	r19, r19
    1b2c:	82 0f       	add	r24, r18
    1b2e:	93 1f       	adc	r25, r19
    1b30:	be 01       	movw	r22, r28
    1b32:	8a 5a       	subi	r24, 0xAA	; 170
    1b34:	99 4f       	sbci	r25, 0xF9	; 249
    1b36:	0e 94 18 04 	call	0x830	; 0x830 <vListInsertEnd>
    1b3a:	07 c0       	rjmp	.+14     	; 0x1b4a <vTaskPriorityInherit+0xba>
    1b3c:	a0 91 95 06 	lds	r26, 0x0695	; 0x800695 <pxCurrentTCB>
    1b40:	b0 91 96 06 	lds	r27, 0x0696	; 0x800696 <pxCurrentTCB+0x1>
    1b44:	56 96       	adiw	r26, 0x16	; 22
    1b46:	8c 91       	ld	r24, X
    1b48:	86 8b       	std	Z+22, r24	; 0x16
    1b4a:	df 91       	pop	r29
    1b4c:	cf 91       	pop	r28
    1b4e:	1f 91       	pop	r17
    1b50:	0f 91       	pop	r16
    1b52:	08 95       	ret

00001b54 <xTaskPriorityDisinherit>:
    1b54:	0f 93       	push	r16
    1b56:	1f 93       	push	r17
    1b58:	cf 93       	push	r28
    1b5a:	df 93       	push	r29
    1b5c:	fc 01       	movw	r30, r24
    1b5e:	89 2b       	or	r24, r25
    1b60:	79 f1       	breq	.+94     	; 0x1bc0 <xTaskPriorityDisinherit+0x6c>
    1b62:	82 a1       	ldd	r24, Z+34	; 0x22
    1b64:	81 50       	subi	r24, 0x01	; 1
    1b66:	82 a3       	std	Z+34, r24	; 0x22
    1b68:	26 89       	ldd	r18, Z+22	; 0x16
    1b6a:	91 a1       	ldd	r25, Z+33	; 0x21
    1b6c:	29 17       	cp	r18, r25
    1b6e:	51 f1       	breq	.+84     	; 0x1bc4 <xTaskPriorityDisinherit+0x70>
    1b70:	81 11       	cpse	r24, r1
    1b72:	2a c0       	rjmp	.+84     	; 0x1bc8 <xTaskPriorityDisinherit+0x74>
    1b74:	ef 01       	movw	r28, r30
    1b76:	8f 01       	movw	r16, r30
    1b78:	0e 5f       	subi	r16, 0xFE	; 254
    1b7a:	1f 4f       	sbci	r17, 0xFF	; 255
    1b7c:	c8 01       	movw	r24, r16
    1b7e:	0e 94 6a 04 	call	0x8d4	; 0x8d4 <uxListRemove>
    1b82:	89 a1       	ldd	r24, Y+33	; 0x21
    1b84:	8e 8b       	std	Y+22, r24	; 0x16
    1b86:	27 e0       	ldi	r18, 0x07	; 7
    1b88:	30 e0       	ldi	r19, 0x00	; 0
    1b8a:	28 1b       	sub	r18, r24
    1b8c:	31 09       	sbc	r19, r1
    1b8e:	3d 87       	std	Y+13, r19	; 0x0d
    1b90:	2c 87       	std	Y+12, r18	; 0x0c
    1b92:	90 91 20 06 	lds	r25, 0x0620	; 0x800620 <uxTopReadyPriority>
    1b96:	98 17       	cp	r25, r24
    1b98:	10 f4       	brcc	.+4      	; 0x1b9e <xTaskPriorityDisinherit+0x4a>
    1b9a:	80 93 20 06 	sts	0x0620, r24	; 0x800620 <uxTopReadyPriority>
    1b9e:	90 e0       	ldi	r25, 0x00	; 0
    1ba0:	9c 01       	movw	r18, r24
    1ba2:	22 0f       	add	r18, r18
    1ba4:	33 1f       	adc	r19, r19
    1ba6:	22 0f       	add	r18, r18
    1ba8:	33 1f       	adc	r19, r19
    1baa:	22 0f       	add	r18, r18
    1bac:	33 1f       	adc	r19, r19
    1bae:	82 0f       	add	r24, r18
    1bb0:	93 1f       	adc	r25, r19
    1bb2:	b8 01       	movw	r22, r16
    1bb4:	8a 5a       	subi	r24, 0xAA	; 170
    1bb6:	99 4f       	sbci	r25, 0xF9	; 249
    1bb8:	0e 94 18 04 	call	0x830	; 0x830 <vListInsertEnd>
    1bbc:	81 e0       	ldi	r24, 0x01	; 1
    1bbe:	05 c0       	rjmp	.+10     	; 0x1bca <xTaskPriorityDisinherit+0x76>
    1bc0:	80 e0       	ldi	r24, 0x00	; 0
    1bc2:	03 c0       	rjmp	.+6      	; 0x1bca <xTaskPriorityDisinherit+0x76>
    1bc4:	80 e0       	ldi	r24, 0x00	; 0
    1bc6:	01 c0       	rjmp	.+2      	; 0x1bca <xTaskPriorityDisinherit+0x76>
    1bc8:	80 e0       	ldi	r24, 0x00	; 0
    1bca:	df 91       	pop	r29
    1bcc:	cf 91       	pop	r28
    1bce:	1f 91       	pop	r17
    1bd0:	0f 91       	pop	r16
    1bd2:	08 95       	ret

00001bd4 <pvTaskIncrementMutexHeldCount>:
    1bd4:	80 91 95 06 	lds	r24, 0x0695	; 0x800695 <pxCurrentTCB>
    1bd8:	90 91 96 06 	lds	r25, 0x0696	; 0x800696 <pxCurrentTCB+0x1>
    1bdc:	89 2b       	or	r24, r25
    1bde:	39 f0       	breq	.+14     	; 0x1bee <pvTaskIncrementMutexHeldCount+0x1a>
    1be0:	e0 91 95 06 	lds	r30, 0x0695	; 0x800695 <pxCurrentTCB>
    1be4:	f0 91 96 06 	lds	r31, 0x0696	; 0x800696 <pxCurrentTCB+0x1>
    1be8:	82 a1       	ldd	r24, Z+34	; 0x22
    1bea:	8f 5f       	subi	r24, 0xFF	; 255
    1bec:	82 a3       	std	Z+34, r24	; 0x22
    1bee:	80 91 95 06 	lds	r24, 0x0695	; 0x800695 <pxCurrentTCB>
    1bf2:	90 91 96 06 	lds	r25, 0x0696	; 0x800696 <pxCurrentTCB+0x1>
    1bf6:	08 95       	ret

00001bf8 <TWI_Init>:
}



void TWI_Init(void) {
	TWBR = ((F_CPU / F_SCL) - 16) / (2 * Prescaler); // Set bit rate
    1bf8:	88 e4       	ldi	r24, 0x48	; 72
    1bfa:	80 b9       	out	0x00, r24	; 0
	TWSR = 0x00; // Prescaler set to 1
    1bfc:	11 b8       	out	0x01, r1	; 1
	TWCR = (1 << TWEN); // Enable TWI
    1bfe:	84 e0       	ldi	r24, 0x04	; 4
    1c00:	86 bf       	out	0x36, r24	; 54
    1c02:	08 95       	ret

00001c04 <EEPROM_Write>:
}


void EEPROM_Write(u8 deviceAddress, u16 memoryAddress, u8 data) {
	// Start Condition
	TWCR = (1 << TWSTA) | (1 << TWEN) | (1 << TWINT);
    1c04:	94 ea       	ldi	r25, 0xA4	; 164
    1c06:	96 bf       	out	0x36, r25	; 54
	while (!(TWCR & (1 << TWINT))); // Wait for TWINT flag
    1c08:	06 b6       	in	r0, 0x36	; 54
    1c0a:	07 fe       	sbrs	r0, 7
    1c0c:	fd cf       	rjmp	.-6      	; 0x1c08 <EEPROM_Write+0x4>

	// Send Device Address
	TWDR = deviceAddress & 0xFE; // Write mode (LSB = 0)
    1c0e:	8e 7f       	andi	r24, 0xFE	; 254
    1c10:	83 b9       	out	0x03, r24	; 3
	TWCR = (1 << TWEN) | (1 << TWINT);
    1c12:	84 e8       	ldi	r24, 0x84	; 132
    1c14:	86 bf       	out	0x36, r24	; 54
	while (!(TWCR & (1 << TWINT))); // Wait for ACK
    1c16:	06 b6       	in	r0, 0x36	; 54
    1c18:	07 fe       	sbrs	r0, 7
    1c1a:	fd cf       	rjmp	.-6      	; 0x1c16 <EEPROM_Write+0x12>

	// Send High Memory Address Byte
	TWDR = (memoryAddress >> 8);
    1c1c:	73 b9       	out	0x03, r23	; 3
	TWCR = (1 << TWEN) | (1 << TWINT);
    1c1e:	84 e8       	ldi	r24, 0x84	; 132
    1c20:	86 bf       	out	0x36, r24	; 54
	while (!(TWCR & (1 << TWINT))); // Wait for ACK
    1c22:	06 b6       	in	r0, 0x36	; 54
    1c24:	07 fe       	sbrs	r0, 7
    1c26:	fd cf       	rjmp	.-6      	; 0x1c22 <EEPROM_Write+0x1e>

	// Send Low Memory Address Byte
	TWDR = (memoryAddress & 0xFF);
    1c28:	63 b9       	out	0x03, r22	; 3
	TWCR = (1 << TWEN) | (1 << TWINT);
    1c2a:	84 e8       	ldi	r24, 0x84	; 132
    1c2c:	86 bf       	out	0x36, r24	; 54
	while (!(TWCR & (1 << TWINT))); // Wait for ACK
    1c2e:	06 b6       	in	r0, 0x36	; 54
    1c30:	07 fe       	sbrs	r0, 7
    1c32:	fd cf       	rjmp	.-6      	; 0x1c2e <EEPROM_Write+0x2a>

	// Send Data
	TWDR = data;
    1c34:	43 b9       	out	0x03, r20	; 3
	TWCR = (1 << TWEN) | (1 << TWINT);
    1c36:	84 e8       	ldi	r24, 0x84	; 132
    1c38:	86 bf       	out	0x36, r24	; 54
	while (!(TWCR & (1 << TWINT))); // Wait for ACK
    1c3a:	06 b6       	in	r0, 0x36	; 54
    1c3c:	07 fe       	sbrs	r0, 7
    1c3e:	fd cf       	rjmp	.-6      	; 0x1c3a <EEPROM_Write+0x36>

	// Stop Condition
	TWCR = (1 << TWSTO) | (1 << TWEN) | (1 << TWINT);
    1c40:	84 e9       	ldi	r24, 0x94	; 148
    1c42:	86 bf       	out	0x36, r24	; 54
    1c44:	08 95       	ret

00001c46 <WriteAdminPassword>:
	UART_SendChar('\n');
}



void WriteAdminPassword(void) {
    1c46:	0f 93       	push	r16
    1c48:	1f 93       	push	r17
    1c4a:	cf 93       	push	r28
    1c4c:	df 93       	push	r29
    1c4e:	00 d0       	rcall	.+0      	; 0x1c50 <WriteAdminPassword+0xa>
    1c50:	00 d0       	rcall	.+0      	; 0x1c52 <WriteAdminPassword+0xc>
    1c52:	cd b7       	in	r28, 0x3d	; 61
    1c54:	de b7       	in	r29, 0x3e	; 62
	u8 defaultAdminPass[PASSWORD_LENGTH] = {'1', '2', '3', '4'}; // Admin password
    1c56:	81 e3       	ldi	r24, 0x31	; 49
    1c58:	89 83       	std	Y+1, r24	; 0x01
    1c5a:	82 e3       	ldi	r24, 0x32	; 50
    1c5c:	8a 83       	std	Y+2, r24	; 0x02
    1c5e:	83 e3       	ldi	r24, 0x33	; 51
    1c60:	8b 83       	std	Y+3, r24	; 0x03
    1c62:	84 e3       	ldi	r24, 0x34	; 52
    1c64:	8c 83       	std	Y+4, r24	; 0x04

	// Write each byte of the password to EEPROM
	for (u8 i = 0; i < PASSWORD_LENGTH; i++) {
    1c66:	10 e0       	ldi	r17, 0x00	; 0
    1c68:	1a c0       	rjmp	.+52     	; 0x1c9e <WriteAdminPassword+0x58>
		EEPROM_Write(EEPROM_ADDR, ADMIN_PASSWORD_ADDR + i, defaultAdminPass[i]);
    1c6a:	61 2f       	mov	r22, r17
    1c6c:	70 e0       	ldi	r23, 0x00	; 0
    1c6e:	e1 e0       	ldi	r30, 0x01	; 1
    1c70:	f0 e0       	ldi	r31, 0x00	; 0
    1c72:	ec 0f       	add	r30, r28
    1c74:	fd 1f       	adc	r31, r29
    1c76:	e6 0f       	add	r30, r22
    1c78:	f7 1f       	adc	r31, r23
    1c7a:	00 81       	ld	r16, Z
    1c7c:	40 2f       	mov	r20, r16
    1c7e:	80 e5       	ldi	r24, 0x50	; 80
    1c80:	0e 94 02 0e 	call	0x1c04	; 0x1c04 <EEPROM_Write>
		
		// Debug: Print the data being written
		UART_SendString((u8 *)"Writing: ");
    1c84:	82 e1       	ldi	r24, 0x12	; 18
    1c86:	91 e0       	ldi	r25, 0x01	; 1
    1c88:	0e 94 4c 12 	call	0x2498	; 0x2498 <UART_SendString>
		UART_SendChar(defaultAdminPass[i]);
    1c8c:	80 2f       	mov	r24, r16
    1c8e:	90 e0       	ldi	r25, 0x00	; 0
    1c90:	0e 94 56 12 	call	0x24ac	; 0x24ac <UART_SendChar>
		UART_SendChar('\n');
    1c94:	8a e0       	ldi	r24, 0x0A	; 10
    1c96:	90 e0       	ldi	r25, 0x00	; 0
    1c98:	0e 94 56 12 	call	0x24ac	; 0x24ac <UART_SendChar>

void WriteAdminPassword(void) {
	u8 defaultAdminPass[PASSWORD_LENGTH] = {'1', '2', '3', '4'}; // Admin password

	// Write each byte of the password to EEPROM
	for (u8 i = 0; i < PASSWORD_LENGTH; i++) {
    1c9c:	1f 5f       	subi	r17, 0xFF	; 255
    1c9e:	14 30       	cpi	r17, 0x04	; 4
    1ca0:	20 f3       	brcs	.-56     	; 0x1c6a <WriteAdminPassword+0x24>
		// Debug: Print the data being written
		UART_SendString((u8 *)"Writing: ");
		UART_SendChar(defaultAdminPass[i]);
		UART_SendChar('\n');
	}
}
    1ca2:	0f 90       	pop	r0
    1ca4:	0f 90       	pop	r0
    1ca6:	0f 90       	pop	r0
    1ca8:	0f 90       	pop	r0
    1caa:	df 91       	pop	r29
    1cac:	cf 91       	pop	r28
    1cae:	1f 91       	pop	r17
    1cb0:	0f 91       	pop	r16
    1cb2:	08 95       	ret

00001cb4 <EEPROM_Read>:

u8 EEPROM_Read(u8 deviceAddress, u16 memoryAddress) {
	u8 data;

	// Start Condition
	TWCR = (1 << TWSTA) | (1 << TWEN) | (1 << TWINT);
    1cb4:	94 ea       	ldi	r25, 0xA4	; 164
    1cb6:	96 bf       	out	0x36, r25	; 54
	while (!(TWCR & (1 << TWINT))); // Wait for TWINT flag
    1cb8:	06 b6       	in	r0, 0x36	; 54
    1cba:	07 fe       	sbrs	r0, 7
    1cbc:	fd cf       	rjmp	.-6      	; 0x1cb8 <EEPROM_Read+0x4>

	// Send Device Address (Write Mode)
	TWDR = deviceAddress & 0xFE;
    1cbe:	98 2f       	mov	r25, r24
    1cc0:	9e 7f       	andi	r25, 0xFE	; 254
    1cc2:	93 b9       	out	0x03, r25	; 3
	TWCR = (1 << TWEN) | (1 << TWINT);
    1cc4:	94 e8       	ldi	r25, 0x84	; 132
    1cc6:	96 bf       	out	0x36, r25	; 54
	while (!(TWCR & (1 << TWINT))); // Wait for ACK
    1cc8:	06 b6       	in	r0, 0x36	; 54
    1cca:	07 fe       	sbrs	r0, 7
    1ccc:	fd cf       	rjmp	.-6      	; 0x1cc8 <EEPROM_Read+0x14>

	// Send High Memory Address Byte
	TWDR = (memoryAddress >> 8);
    1cce:	73 b9       	out	0x03, r23	; 3
	TWCR = (1 << TWEN) | (1 << TWINT);
    1cd0:	94 e8       	ldi	r25, 0x84	; 132
    1cd2:	96 bf       	out	0x36, r25	; 54
	while (!(TWCR & (1 << TWINT))); // Wait for ACK
    1cd4:	06 b6       	in	r0, 0x36	; 54
    1cd6:	07 fe       	sbrs	r0, 7
    1cd8:	fd cf       	rjmp	.-6      	; 0x1cd4 <EEPROM_Read+0x20>

	// Send Low Memory Address Byte
	TWDR = (memoryAddress & 0xFF);
    1cda:	63 b9       	out	0x03, r22	; 3
	TWCR = (1 << TWEN) | (1 << TWINT);
    1cdc:	94 e8       	ldi	r25, 0x84	; 132
    1cde:	96 bf       	out	0x36, r25	; 54
	while (!(TWCR & (1 << TWINT))); // Wait for ACK
    1ce0:	06 b6       	in	r0, 0x36	; 54
    1ce2:	07 fe       	sbrs	r0, 7
    1ce4:	fd cf       	rjmp	.-6      	; 0x1ce0 <EEPROM_Read+0x2c>

	// Repeated Start Condition
	TWCR = (1 << TWSTA) | (1 << TWEN) | (1 << TWINT);
    1ce6:	94 ea       	ldi	r25, 0xA4	; 164
    1ce8:	96 bf       	out	0x36, r25	; 54
	while (!(TWCR & (1 << TWINT))); // Wait for TWINT flag
    1cea:	06 b6       	in	r0, 0x36	; 54
    1cec:	07 fe       	sbrs	r0, 7
    1cee:	fd cf       	rjmp	.-6      	; 0x1cea <EEPROM_Read+0x36>

	// Send Device Address (Read Mode)
	TWDR = deviceAddress | 0x01;
    1cf0:	81 60       	ori	r24, 0x01	; 1
    1cf2:	83 b9       	out	0x03, r24	; 3
	TWCR = (1 << TWEN) | (1 << TWINT);
    1cf4:	84 e8       	ldi	r24, 0x84	; 132
    1cf6:	86 bf       	out	0x36, r24	; 54
	while (!(TWCR & (1 << TWINT))); // Wait for ACK
    1cf8:	06 b6       	in	r0, 0x36	; 54
    1cfa:	07 fe       	sbrs	r0, 7
    1cfc:	fd cf       	rjmp	.-6      	; 0x1cf8 <EEPROM_Read+0x44>

	// Read Data
	TWCR = (1 << TWEN) | (1 << TWINT);
    1cfe:	84 e8       	ldi	r24, 0x84	; 132
    1d00:	86 bf       	out	0x36, r24	; 54
	while (!(TWCR & (1 << TWINT))); // Wait for TWINT flag
    1d02:	06 b6       	in	r0, 0x36	; 54
    1d04:	07 fe       	sbrs	r0, 7
    1d06:	fd cf       	rjmp	.-6      	; 0x1d02 <EEPROM_Read+0x4e>
	data = TWDR;
    1d08:	83 b1       	in	r24, 0x03	; 3

	// Stop Condition
	TWCR = (1 << TWSTO) | (1 << TWEN) | (1 << TWINT);
    1d0a:	94 e9       	ldi	r25, 0x94	; 148
    1d0c:	96 bf       	out	0x36, r25	; 54

	return data;
}
    1d0e:	08 95       	ret

00001d10 <DebugAdminPassword>:




/********** Function To Write/Read Data on EEPROM **********/
void DebugAdminPassword(void) {
    1d10:	0f 93       	push	r16
    1d12:	1f 93       	push	r17
    1d14:	cf 93       	push	r28
    1d16:	df 93       	push	r29
	char storedPass[4];

	UART_SendString((u8 *)"Reading Admin Password: ");
    1d18:	8c e1       	ldi	r24, 0x1C	; 28
    1d1a:	91 e0       	ldi	r25, 0x01	; 1
    1d1c:	0e 94 4c 12 	call	0x2498	; 0x2498 <UART_SendString>
	for (u8 i = 0; i < 4; i++) {
    1d20:	c0 e0       	ldi	r28, 0x00	; 0
    1d22:	1c c0       	rjmp	.+56     	; 0x1d5c <DebugAdminPassword+0x4c>
		storedPass[i] = EEPROM_Read(EEPROM_ADDR, ADMIN_PASSWORD_ADDR + i);
    1d24:	0c 2f       	mov	r16, r28
    1d26:	10 e0       	ldi	r17, 0x00	; 0
    1d28:	b8 01       	movw	r22, r16
    1d2a:	80 e5       	ldi	r24, 0x50	; 80
    1d2c:	0e 94 5a 0e 	call	0x1cb4	; 0x1cb4 <EEPROM_Read>
    1d30:	d8 2f       	mov	r29, r24

		// Debug: Print the raw byte value
		UART_SendString((u8 *)"Byte ");
    1d32:	85 e3       	ldi	r24, 0x35	; 53
    1d34:	91 e0       	ldi	r25, 0x01	; 1
    1d36:	0e 94 4c 12 	call	0x2498	; 0x2498 <UART_SendString>
		UART_SendChar(i + '0');
    1d3a:	c8 01       	movw	r24, r16
    1d3c:	c0 96       	adiw	r24, 0x30	; 48
    1d3e:	0e 94 56 12 	call	0x24ac	; 0x24ac <UART_SendChar>
		UART_SendString((u8 *)": ");
    1d42:	87 e9       	ldi	r24, 0x97	; 151
    1d44:	91 e0       	ldi	r25, 0x01	; 1
    1d46:	0e 94 4c 12 	call	0x2498	; 0x2498 <UART_SendString>
		UART_SendNumber(storedPass[i]); // Implement UART_SendNumber if necessary
    1d4a:	8d 2f       	mov	r24, r29
    1d4c:	90 e0       	ldi	r25, 0x00	; 0
    1d4e:	0e 94 5a 12 	call	0x24b4	; 0x24b4 <UART_SendNumber>
		UART_SendChar(' ');
    1d52:	80 e2       	ldi	r24, 0x20	; 32
    1d54:	90 e0       	ldi	r25, 0x00	; 0
    1d56:	0e 94 56 12 	call	0x24ac	; 0x24ac <UART_SendChar>
/********** Function To Write/Read Data on EEPROM **********/
void DebugAdminPassword(void) {
	char storedPass[4];

	UART_SendString((u8 *)"Reading Admin Password: ");
	for (u8 i = 0; i < 4; i++) {
    1d5a:	cf 5f       	subi	r28, 0xFF	; 255
    1d5c:	c4 30       	cpi	r28, 0x04	; 4
    1d5e:	10 f3       	brcs	.-60     	; 0x1d24 <DebugAdminPassword+0x14>
		UART_SendChar(i + '0');
		UART_SendString((u8 *)": ");
		UART_SendNumber(storedPass[i]); // Implement UART_SendNumber if necessary
		UART_SendChar(' ');
	}
	UART_SendChar('\n');
    1d60:	8a e0       	ldi	r24, 0x0A	; 10
    1d62:	90 e0       	ldi	r25, 0x00	; 0
    1d64:	0e 94 56 12 	call	0x24ac	; 0x24ac <UART_SendChar>
}
    1d68:	df 91       	pop	r29
    1d6a:	cf 91       	pop	r28
    1d6c:	1f 91       	pop	r17
    1d6e:	0f 91       	pop	r16
    1d70:	08 95       	ret

00001d72 <AddUser>:


//******************Admin Functions***************//


u8 AddUser(u8 userId, u8 *password) {
    1d72:	ef 92       	push	r14
    1d74:	ff 92       	push	r15
    1d76:	0f 93       	push	r16
    1d78:	1f 93       	push	r17
    1d7a:	cf 93       	push	r28
	if (userCount >= MAX_USERS) {
    1d7c:	90 91 97 06 	lds	r25, 0x0697	; 0x800697 <userCount>
    1d80:	96 30       	cpi	r25, 0x06	; 6
    1d82:	50 f5       	brcc	.+84     	; 0x1dd8 <AddUser+0x66>
    1d84:	8b 01       	movw	r16, r22
    1d86:	48 2f       	mov	r20, r24
		return 0; // Database is full
	}
	u16 addr = USER_DB_START_ADDR + userCount * USER_ENTRY_SIZE;
    1d88:	69 2f       	mov	r22, r25
    1d8a:	70 e0       	ldi	r23, 0x00	; 0
    1d8c:	cb 01       	movw	r24, r22
    1d8e:	88 0f       	add	r24, r24
    1d90:	99 1f       	adc	r25, r25
    1d92:	88 0f       	add	r24, r24
    1d94:	99 1f       	adc	r25, r25
    1d96:	68 0f       	add	r22, r24
    1d98:	79 1f       	adc	r23, r25
    1d9a:	60 5f       	subi	r22, 0xF0	; 240
    1d9c:	7f 4f       	sbci	r23, 0xFF	; 255
    1d9e:	7b 01       	movw	r14, r22
	EEPROM_Write(EEPROM_ADDR, addr, userId); // Write User ID
    1da0:	80 e5       	ldi	r24, 0x50	; 80
    1da2:	0e 94 02 0e 	call	0x1c04	; 0x1c04 <EEPROM_Write>
	for (u8 i = 0; i < 4; i++) {
    1da6:	c0 e0       	ldi	r28, 0x00	; 0
    1da8:	0e c0       	rjmp	.+28     	; 0x1dc6 <AddUser+0x54>
		EEPROM_Write(EEPROM_ADDR, addr + 1 + i, password[i]); // Write password
    1daa:	6c 2f       	mov	r22, r28
    1dac:	70 e0       	ldi	r23, 0x00	; 0
    1dae:	f8 01       	movw	r30, r16
    1db0:	e6 0f       	add	r30, r22
    1db2:	f7 1f       	adc	r31, r23
    1db4:	6e 0d       	add	r22, r14
    1db6:	7f 1d       	adc	r23, r15
    1db8:	6f 5f       	subi	r22, 0xFF	; 255
    1dba:	7f 4f       	sbci	r23, 0xFF	; 255
    1dbc:	40 81       	ld	r20, Z
    1dbe:	80 e5       	ldi	r24, 0x50	; 80
    1dc0:	0e 94 02 0e 	call	0x1c04	; 0x1c04 <EEPROM_Write>
	if (userCount >= MAX_USERS) {
		return 0; // Database is full
	}
	u16 addr = USER_DB_START_ADDR + userCount * USER_ENTRY_SIZE;
	EEPROM_Write(EEPROM_ADDR, addr, userId); // Write User ID
	for (u8 i = 0; i < 4; i++) {
    1dc4:	cf 5f       	subi	r28, 0xFF	; 255
    1dc6:	c4 30       	cpi	r28, 0x04	; 4
    1dc8:	80 f3       	brcs	.-32     	; 0x1daa <AddUser+0x38>
		EEPROM_Write(EEPROM_ADDR, addr + 1 + i, password[i]); // Write password
	}
	userCount++;
    1dca:	80 91 97 06 	lds	r24, 0x0697	; 0x800697 <userCount>
    1dce:	8f 5f       	subi	r24, 0xFF	; 255
    1dd0:	80 93 97 06 	sts	0x0697, r24	; 0x800697 <userCount>
	return 1; // Success
    1dd4:	81 e0       	ldi	r24, 0x01	; 1
    1dd6:	01 c0       	rjmp	.+2      	; 0x1dda <AddUser+0x68>
//******************Admin Functions***************//


u8 AddUser(u8 userId, u8 *password) {
	if (userCount >= MAX_USERS) {
		return 0; // Database is full
    1dd8:	80 e0       	ldi	r24, 0x00	; 0
	for (u8 i = 0; i < 4; i++) {
		EEPROM_Write(EEPROM_ADDR, addr + 1 + i, password[i]); // Write password
	}
	userCount++;
	return 1; // Success
}
    1dda:	cf 91       	pop	r28
    1ddc:	1f 91       	pop	r17
    1dde:	0f 91       	pop	r16
    1de0:	ff 90       	pop	r15
    1de2:	ef 90       	pop	r14
    1de4:	08 95       	ret

00001de6 <DeleteUser>:


u8 DeleteUser(u8 userId) {
    1de6:	ef 92       	push	r14
    1de8:	ff 92       	push	r15
    1dea:	0f 93       	push	r16
    1dec:	1f 93       	push	r17
    1dee:	cf 93       	push	r28
    1df0:	df 93       	push	r29
    1df2:	c8 2f       	mov	r28, r24
	for (u8 i = 0; i < userCount; i++) {
    1df4:	00 e0       	ldi	r16, 0x00	; 0
    1df6:	48 c0       	rjmp	.+144    	; 0x1e88 <DeleteUser+0xa2>
		u16 addr = USER_DB_START_ADDR + i * USER_ENTRY_SIZE;
    1df8:	60 2f       	mov	r22, r16
    1dfa:	70 e0       	ldi	r23, 0x00	; 0
    1dfc:	cb 01       	movw	r24, r22
    1dfe:	88 0f       	add	r24, r24
    1e00:	99 1f       	adc	r25, r25
    1e02:	88 0f       	add	r24, r24
    1e04:	99 1f       	adc	r25, r25
    1e06:	68 0f       	add	r22, r24
    1e08:	79 1f       	adc	r23, r25
    1e0a:	60 5f       	subi	r22, 0xF0	; 240
    1e0c:	7f 4f       	sbci	r23, 0xFF	; 255
		if (EEPROM_Read(EEPROM_ADDR, addr) == userId) {
    1e0e:	80 e5       	ldi	r24, 0x50	; 80
    1e10:	0e 94 5a 0e 	call	0x1cb4	; 0x1cb4 <EEPROM_Read>
    1e14:	8c 13       	cpse	r24, r28
    1e16:	37 c0       	rjmp	.+110    	; 0x1e86 <DeleteUser+0xa0>
    1e18:	27 c0       	rjmp	.+78     	; 0x1e68 <DeleteUser+0x82>
			// Shift remaining users up
			for (u8 j = i; j < userCount - 1; j++) {
				for (u8 k = 0; k < USER_ENTRY_SIZE; k++) {
					EEPROM_Write(EEPROM_ADDR, USER_DB_START_ADDR + j * USER_ENTRY_SIZE + k,
					EEPROM_Read(EEPROM_ADDR, USER_DB_START_ADDR + (j + 1) * USER_ENTRY_SIZE + k));
    1e1a:	ce 01       	movw	r24, r28
    1e1c:	01 96       	adiw	r24, 0x01	; 1
    1e1e:	bc 01       	movw	r22, r24
    1e20:	66 0f       	add	r22, r22
    1e22:	77 1f       	adc	r23, r23
    1e24:	66 0f       	add	r22, r22
    1e26:	77 1f       	adc	r23, r23
    1e28:	68 0f       	add	r22, r24
    1e2a:	79 1f       	adc	r23, r25
    1e2c:	60 5f       	subi	r22, 0xF0	; 240
    1e2e:	7f 4f       	sbci	r23, 0xFF	; 255
    1e30:	e1 2e       	mov	r14, r17
    1e32:	f1 2c       	mov	r15, r1
    1e34:	6e 0d       	add	r22, r14
    1e36:	7f 1d       	adc	r23, r15
		u16 addr = USER_DB_START_ADDR + i * USER_ENTRY_SIZE;
		if (EEPROM_Read(EEPROM_ADDR, addr) == userId) {
			// Shift remaining users up
			for (u8 j = i; j < userCount - 1; j++) {
				for (u8 k = 0; k < USER_ENTRY_SIZE; k++) {
					EEPROM_Write(EEPROM_ADDR, USER_DB_START_ADDR + j * USER_ENTRY_SIZE + k,
    1e38:	80 e5       	ldi	r24, 0x50	; 80
    1e3a:	0e 94 5a 0e 	call	0x1cb4	; 0x1cb4 <EEPROM_Read>
    1e3e:	be 01       	movw	r22, r28
    1e40:	66 0f       	add	r22, r22
    1e42:	77 1f       	adc	r23, r23
    1e44:	66 0f       	add	r22, r22
    1e46:	77 1f       	adc	r23, r23
    1e48:	6c 0f       	add	r22, r28
    1e4a:	7d 1f       	adc	r23, r29
    1e4c:	60 5f       	subi	r22, 0xF0	; 240
    1e4e:	7f 4f       	sbci	r23, 0xFF	; 255
    1e50:	6e 0d       	add	r22, r14
    1e52:	7f 1d       	adc	r23, r15
    1e54:	48 2f       	mov	r20, r24
    1e56:	80 e5       	ldi	r24, 0x50	; 80
    1e58:	0e 94 02 0e 	call	0x1c04	; 0x1c04 <EEPROM_Write>
	for (u8 i = 0; i < userCount; i++) {
		u16 addr = USER_DB_START_ADDR + i * USER_ENTRY_SIZE;
		if (EEPROM_Read(EEPROM_ADDR, addr) == userId) {
			// Shift remaining users up
			for (u8 j = i; j < userCount - 1; j++) {
				for (u8 k = 0; k < USER_ENTRY_SIZE; k++) {
    1e5c:	1f 5f       	subi	r17, 0xFF	; 255
    1e5e:	01 c0       	rjmp	.+2      	; 0x1e62 <DeleteUser+0x7c>
    1e60:	10 e0       	ldi	r17, 0x00	; 0
    1e62:	15 30       	cpi	r17, 0x05	; 5
    1e64:	d0 f2       	brcs	.-76     	; 0x1e1a <DeleteUser+0x34>
u8 DeleteUser(u8 userId) {
	for (u8 i = 0; i < userCount; i++) {
		u16 addr = USER_DB_START_ADDR + i * USER_ENTRY_SIZE;
		if (EEPROM_Read(EEPROM_ADDR, addr) == userId) {
			// Shift remaining users up
			for (u8 j = i; j < userCount - 1; j++) {
    1e66:	0f 5f       	subi	r16, 0xFF	; 255
    1e68:	c0 2f       	mov	r28, r16
    1e6a:	d0 e0       	ldi	r29, 0x00	; 0
    1e6c:	20 91 97 06 	lds	r18, 0x0697	; 0x800697 <userCount>
    1e70:	82 2f       	mov	r24, r18
    1e72:	90 e0       	ldi	r25, 0x00	; 0
    1e74:	01 97       	sbiw	r24, 0x01	; 1
    1e76:	c8 17       	cp	r28, r24
    1e78:	d9 07       	cpc	r29, r25
    1e7a:	94 f3       	brlt	.-28     	; 0x1e60 <DeleteUser+0x7a>
				for (u8 k = 0; k < USER_ENTRY_SIZE; k++) {
					EEPROM_Write(EEPROM_ADDR, USER_DB_START_ADDR + j * USER_ENTRY_SIZE + k,
					EEPROM_Read(EEPROM_ADDR, USER_DB_START_ADDR + (j + 1) * USER_ENTRY_SIZE + k));
				}
			}
			userCount--;
    1e7c:	21 50       	subi	r18, 0x01	; 1
    1e7e:	20 93 97 06 	sts	0x0697, r18	; 0x800697 <userCount>
			return 1; // Success
    1e82:	81 e0       	ldi	r24, 0x01	; 1
    1e84:	07 c0       	rjmp	.+14     	; 0x1e94 <DeleteUser+0xae>
	return 1; // Success
}


u8 DeleteUser(u8 userId) {
	for (u8 i = 0; i < userCount; i++) {
    1e86:	0f 5f       	subi	r16, 0xFF	; 255
    1e88:	80 91 97 06 	lds	r24, 0x0697	; 0x800697 <userCount>
    1e8c:	08 17       	cp	r16, r24
    1e8e:	08 f4       	brcc	.+2      	; 0x1e92 <DeleteUser+0xac>
    1e90:	b3 cf       	rjmp	.-154    	; 0x1df8 <DeleteUser+0x12>
			}
			userCount--;
			return 1; // Success
		}
	}
	return 0; // User not found
    1e92:	80 e0       	ldi	r24, 0x00	; 0
}
    1e94:	df 91       	pop	r29
    1e96:	cf 91       	pop	r28
    1e98:	1f 91       	pop	r17
    1e9a:	0f 91       	pop	r16
    1e9c:	ff 90       	pop	r15
    1e9e:	ef 90       	pop	r14
    1ea0:	08 95       	ret

00001ea2 <VerifyAdminOrUser>:


u8 VerifyAdminOrUser(u8 *enteredPassword) {
    1ea2:	af 92       	push	r10
    1ea4:	bf 92       	push	r11
    1ea6:	cf 92       	push	r12
    1ea8:	df 92       	push	r13
    1eaa:	ef 92       	push	r14
    1eac:	ff 92       	push	r15
    1eae:	0f 93       	push	r16
    1eb0:	1f 93       	push	r17
    1eb2:	cf 93       	push	r28
    1eb4:	df 93       	push	r29
    1eb6:	00 d0       	rcall	.+0      	; 0x1eb8 <VerifyAdminOrUser+0x16>
    1eb8:	00 d0       	rcall	.+0      	; 0x1eba <VerifyAdminOrUser+0x18>
    1eba:	cd b7       	in	r28, 0x3d	; 61
    1ebc:	de b7       	in	r29, 0x3e	; 62
    1ebe:	5c 01       	movw	r10, r24
	u8 storedPass[4];

	// Check Admin Password
	for (u8 i = 0; i < 4; i++) {
    1ec0:	f1 2c       	mov	r15, r1
    1ec2:	0e c0       	rjmp	.+28     	; 0x1ee0 <VerifyAdminOrUser+0x3e>
		storedPass[i] = EEPROM_Read(EEPROM_ADDR, ADMIN_PASSWORD_ADDR + i);
    1ec4:	0f 2d       	mov	r16, r15
    1ec6:	10 e0       	ldi	r17, 0x00	; 0
    1ec8:	b8 01       	movw	r22, r16
    1eca:	80 e5       	ldi	r24, 0x50	; 80
    1ecc:	0e 94 5a 0e 	call	0x1cb4	; 0x1cb4 <EEPROM_Read>
    1ed0:	e1 e0       	ldi	r30, 0x01	; 1
    1ed2:	f0 e0       	ldi	r31, 0x00	; 0
    1ed4:	ec 0f       	add	r30, r28
    1ed6:	fd 1f       	adc	r31, r29
    1ed8:	e0 0f       	add	r30, r16
    1eda:	f1 1f       	adc	r31, r17
    1edc:	80 83       	st	Z, r24

u8 VerifyAdminOrUser(u8 *enteredPassword) {
	u8 storedPass[4];

	// Check Admin Password
	for (u8 i = 0; i < 4; i++) {
    1ede:	f3 94       	inc	r15
    1ee0:	83 e0       	ldi	r24, 0x03	; 3
    1ee2:	8f 15       	cp	r24, r15
    1ee4:	78 f7       	brcc	.-34     	; 0x1ec4 <VerifyAdminOrUser+0x22>
		storedPass[i] = EEPROM_Read(EEPROM_ADDR, ADMIN_PASSWORD_ADDR + i);
	}
	if (memcmp(storedPass, enteredPassword, 4) == 0) {
    1ee6:	44 e0       	ldi	r20, 0x04	; 4
    1ee8:	50 e0       	ldi	r21, 0x00	; 0
    1eea:	b5 01       	movw	r22, r10
    1eec:	ce 01       	movw	r24, r28
    1eee:	01 96       	adiw	r24, 0x01	; 1
    1ef0:	0e 94 53 14 	call	0x28a6	; 0x28a6 <memcmp>
    1ef4:	89 2b       	or	r24, r25
    1ef6:	91 f1       	breq	.+100    	; 0x1f5c <VerifyAdminOrUser+0xba>
    1ef8:	e1 2c       	mov	r14, r1
    1efa:	2b c0       	rjmp	.+86     	; 0x1f52 <VerifyAdminOrUser+0xb0>
		return 1; // Admin login
	}

	// Check User Passwords
	for (u8 i = 0; i < MAX_USERS; i++) {
		u16 addr = USER_DB_START_ADDR + i * USER_ENTRY_SIZE + 1; // Password starts after user ID
    1efc:	ce 2c       	mov	r12, r14
    1efe:	d1 2c       	mov	r13, r1
    1f00:	c6 01       	movw	r24, r12
    1f02:	88 0f       	add	r24, r24
    1f04:	99 1f       	adc	r25, r25
    1f06:	88 0f       	add	r24, r24
    1f08:	99 1f       	adc	r25, r25
    1f0a:	c8 0e       	add	r12, r24
    1f0c:	d9 1e       	adc	r13, r25
    1f0e:	81 e1       	ldi	r24, 0x11	; 17
    1f10:	c8 0e       	add	r12, r24
    1f12:	d1 1c       	adc	r13, r1
		for (u8 j = 0; j < 4; j++) {
    1f14:	f1 2c       	mov	r15, r1
    1f16:	10 c0       	rjmp	.+32     	; 0x1f38 <VerifyAdminOrUser+0x96>
			storedPass[j] = EEPROM_Read(EEPROM_ADDR, addr + j);
    1f18:	0f 2d       	mov	r16, r15
    1f1a:	10 e0       	ldi	r17, 0x00	; 0
    1f1c:	b6 01       	movw	r22, r12
    1f1e:	60 0f       	add	r22, r16
    1f20:	71 1f       	adc	r23, r17
    1f22:	80 e5       	ldi	r24, 0x50	; 80
    1f24:	0e 94 5a 0e 	call	0x1cb4	; 0x1cb4 <EEPROM_Read>
    1f28:	e1 e0       	ldi	r30, 0x01	; 1
    1f2a:	f0 e0       	ldi	r31, 0x00	; 0
    1f2c:	ec 0f       	add	r30, r28
    1f2e:	fd 1f       	adc	r31, r29
    1f30:	e0 0f       	add	r30, r16
    1f32:	f1 1f       	adc	r31, r17
    1f34:	80 83       	st	Z, r24
	}

	// Check User Passwords
	for (u8 i = 0; i < MAX_USERS; i++) {
		u16 addr = USER_DB_START_ADDR + i * USER_ENTRY_SIZE + 1; // Password starts after user ID
		for (u8 j = 0; j < 4; j++) {
    1f36:	f3 94       	inc	r15
    1f38:	83 e0       	ldi	r24, 0x03	; 3
    1f3a:	8f 15       	cp	r24, r15
    1f3c:	68 f7       	brcc	.-38     	; 0x1f18 <VerifyAdminOrUser+0x76>
			storedPass[j] = EEPROM_Read(EEPROM_ADDR, addr + j);
		}
		if (memcmp(storedPass, enteredPassword, 4) == 0) {
    1f3e:	44 e0       	ldi	r20, 0x04	; 4
    1f40:	50 e0       	ldi	r21, 0x00	; 0
    1f42:	b5 01       	movw	r22, r10
    1f44:	ce 01       	movw	r24, r28
    1f46:	01 96       	adiw	r24, 0x01	; 1
    1f48:	0e 94 53 14 	call	0x28a6	; 0x28a6 <memcmp>
    1f4c:	89 2b       	or	r24, r25
    1f4e:	41 f0       	breq	.+16     	; 0x1f60 <VerifyAdminOrUser+0xbe>
	if (memcmp(storedPass, enteredPassword, 4) == 0) {
		return 1; // Admin login
	}

	// Check User Passwords
	for (u8 i = 0; i < MAX_USERS; i++) {
    1f50:	e3 94       	inc	r14
    1f52:	85 e0       	ldi	r24, 0x05	; 5
    1f54:	8e 15       	cp	r24, r14
    1f56:	90 f6       	brcc	.-92     	; 0x1efc <VerifyAdminOrUser+0x5a>
		if (memcmp(storedPass, enteredPassword, 4) == 0) {
			return 2; // User login
		}
	}

	return 0; // Invalid password
    1f58:	80 e0       	ldi	r24, 0x00	; 0
    1f5a:	03 c0       	rjmp	.+6      	; 0x1f62 <VerifyAdminOrUser+0xc0>
	// Check Admin Password
	for (u8 i = 0; i < 4; i++) {
		storedPass[i] = EEPROM_Read(EEPROM_ADDR, ADMIN_PASSWORD_ADDR + i);
	}
	if (memcmp(storedPass, enteredPassword, 4) == 0) {
		return 1; // Admin login
    1f5c:	81 e0       	ldi	r24, 0x01	; 1
    1f5e:	01 c0       	rjmp	.+2      	; 0x1f62 <VerifyAdminOrUser+0xc0>
		u16 addr = USER_DB_START_ADDR + i * USER_ENTRY_SIZE + 1; // Password starts after user ID
		for (u8 j = 0; j < 4; j++) {
			storedPass[j] = EEPROM_Read(EEPROM_ADDR, addr + j);
		}
		if (memcmp(storedPass, enteredPassword, 4) == 0) {
			return 2; // User login
    1f60:	82 e0       	ldi	r24, 0x02	; 2
		}
	}

	return 0; // Invalid password
}
    1f62:	0f 90       	pop	r0
    1f64:	0f 90       	pop	r0
    1f66:	0f 90       	pop	r0
    1f68:	0f 90       	pop	r0
    1f6a:	df 91       	pop	r29
    1f6c:	cf 91       	pop	r28
    1f6e:	1f 91       	pop	r17
    1f70:	0f 91       	pop	r16
    1f72:	ff 90       	pop	r15
    1f74:	ef 90       	pop	r14
    1f76:	df 90       	pop	r13
    1f78:	cf 90       	pop	r12
    1f7a:	bf 90       	pop	r11
    1f7c:	af 90       	pop	r10
    1f7e:	08 95       	ret

00001f80 <AdminCommands>:

void AdminCommands(void) {
    1f80:	ef 92       	push	r14
    1f82:	ff 92       	push	r15
    1f84:	0f 93       	push	r16
    1f86:	1f 93       	push	r17
    1f88:	cf 93       	push	r28
    1f8a:	df 93       	push	r29
    1f8c:	00 d0       	rcall	.+0      	; 0x1f8e <AdminCommands+0xe>
    1f8e:	00 d0       	rcall	.+0      	; 0x1f90 <AdminCommands+0x10>
    1f90:	cd b7       	in	r28, 0x3d	; 61
    1f92:	de b7       	in	r29, 0x3e	; 62
	u8 command;
	u8 userId;
	u8 password[4];

	while (1) {
		UART_SendString((u8 *)"1. Add User\n2. Delete User\n3. Exit Admin Mode\n");
    1f94:	8b e3       	ldi	r24, 0x3B	; 59
    1f96:	91 e0       	ldi	r25, 0x01	; 1
    1f98:	0e 94 4c 12 	call	0x2498	; 0x2498 <UART_SendString>
		command = UART_ReceiveChar();
    1f9c:	0e 94 b7 12 	call	0x256e	; 0x256e <UART_ReceiveChar>

		if (command == '1') {
    1fa0:	81 33       	cpi	r24, 0x31	; 49
    1fa2:	69 f5       	brne	.+90     	; 0x1ffe <AdminCommands+0x7e>
			UART_SendString((u8 *)"Enter User ID: ");
    1fa4:	8a e6       	ldi	r24, 0x6A	; 106
    1fa6:	91 e0       	ldi	r25, 0x01	; 1
    1fa8:	0e 94 4c 12 	call	0x2498	; 0x2498 <UART_SendString>
			userId = UART_ReceiveChar();
    1fac:	0e 94 b7 12 	call	0x256e	; 0x256e <UART_ReceiveChar>
    1fb0:	08 2f       	mov	r16, r24

			UART_SendString((u8 *)"Enter Password (4 characters): ");
    1fb2:	8a e7       	ldi	r24, 0x7A	; 122
    1fb4:	91 e0       	ldi	r25, 0x01	; 1
    1fb6:	0e 94 4c 12 	call	0x2498	; 0x2498 <UART_SendString>
			for (u8 i = 0; i < 4; i++) {
    1fba:	10 e0       	ldi	r17, 0x00	; 0
    1fbc:	0c c0       	rjmp	.+24     	; 0x1fd6 <AdminCommands+0x56>
				password[i] = UART_ReceiveChar();
    1fbe:	e1 2e       	mov	r14, r17
    1fc0:	f1 2c       	mov	r15, r1
    1fc2:	0e 94 b7 12 	call	0x256e	; 0x256e <UART_ReceiveChar>
    1fc6:	e1 e0       	ldi	r30, 0x01	; 1
    1fc8:	f0 e0       	ldi	r31, 0x00	; 0
    1fca:	ec 0f       	add	r30, r28
    1fcc:	fd 1f       	adc	r31, r29
    1fce:	ee 0d       	add	r30, r14
    1fd0:	ff 1d       	adc	r31, r15
    1fd2:	80 83       	st	Z, r24
		if (command == '1') {
			UART_SendString((u8 *)"Enter User ID: ");
			userId = UART_ReceiveChar();

			UART_SendString((u8 *)"Enter Password (4 characters): ");
			for (u8 i = 0; i < 4; i++) {
    1fd4:	1f 5f       	subi	r17, 0xFF	; 255
    1fd6:	14 30       	cpi	r17, 0x04	; 4
    1fd8:	90 f3       	brcs	.-28     	; 0x1fbe <AdminCommands+0x3e>
				password[i] = UART_ReceiveChar();
			}

			if (AddUser(userId, password)) {
    1fda:	be 01       	movw	r22, r28
    1fdc:	6f 5f       	subi	r22, 0xFF	; 255
    1fde:	7f 4f       	sbci	r23, 0xFF	; 255
    1fe0:	80 2f       	mov	r24, r16
    1fe2:	0e 94 b9 0e 	call	0x1d72	; 0x1d72 <AddUser>
    1fe6:	88 23       	and	r24, r24
    1fe8:	29 f0       	breq	.+10     	; 0x1ff4 <AdminCommands+0x74>
				UART_SendString((u8 *)"User Added Successfully\n");
    1fea:	8a e9       	ldi	r24, 0x9A	; 154
    1fec:	91 e0       	ldi	r25, 0x01	; 1
    1fee:	0e 94 4c 12 	call	0x2498	; 0x2498 <UART_SendString>
    1ff2:	d0 cf       	rjmp	.-96     	; 0x1f94 <AdminCommands+0x14>
				} else {
				UART_SendString((u8 *)"User Database Full\n");
    1ff4:	83 eb       	ldi	r24, 0xB3	; 179
    1ff6:	91 e0       	ldi	r25, 0x01	; 1
    1ff8:	0e 94 4c 12 	call	0x2498	; 0x2498 <UART_SendString>
    1ffc:	cb cf       	rjmp	.-106    	; 0x1f94 <AdminCommands+0x14>
			}
			} else if (command == '2') {
    1ffe:	82 33       	cpi	r24, 0x32	; 50
    2000:	a1 f4       	brne	.+40     	; 0x202a <AdminCommands+0xaa>
			UART_SendString((u8 *)"Enter User ID to Delete: ");
    2002:	87 ec       	ldi	r24, 0xC7	; 199
    2004:	91 e0       	ldi	r25, 0x01	; 1
    2006:	0e 94 4c 12 	call	0x2498	; 0x2498 <UART_SendString>
			userId = UART_ReceiveChar();
    200a:	0e 94 b7 12 	call	0x256e	; 0x256e <UART_ReceiveChar>

			if (DeleteUser(userId)) {
    200e:	0e 94 f3 0e 	call	0x1de6	; 0x1de6 <DeleteUser>
    2012:	88 23       	and	r24, r24
    2014:	29 f0       	breq	.+10     	; 0x2020 <AdminCommands+0xa0>
				UART_SendString((u8 *)"User Deleted Successfully\n");
    2016:	81 ee       	ldi	r24, 0xE1	; 225
    2018:	91 e0       	ldi	r25, 0x01	; 1
    201a:	0e 94 4c 12 	call	0x2498	; 0x2498 <UART_SendString>
    201e:	ba cf       	rjmp	.-140    	; 0x1f94 <AdminCommands+0x14>
				} else {
				UART_SendString((u8 *)"User Not Found\n");
    2020:	8c ef       	ldi	r24, 0xFC	; 252
    2022:	91 e0       	ldi	r25, 0x01	; 1
    2024:	0e 94 4c 12 	call	0x2498	; 0x2498 <UART_SendString>
    2028:	b5 cf       	rjmp	.-150    	; 0x1f94 <AdminCommands+0x14>
			}
			} else if (command == '3') {
    202a:	83 33       	cpi	r24, 0x33	; 51
    202c:	09 f0       	breq	.+2      	; 0x2030 <AdminCommands+0xb0>
    202e:	b2 cf       	rjmp	.-156    	; 0x1f94 <AdminCommands+0x14>
			UART_SendString((u8 *)"Exiting Admin Mode...\n");
    2030:	8c e0       	ldi	r24, 0x0C	; 12
    2032:	92 e0       	ldi	r25, 0x02	; 2
    2034:	0e 94 4c 12 	call	0x2498	; 0x2498 <UART_SendString>
			break; // Exit admin commands loop
		}
	}
}
    2038:	0f 90       	pop	r0
    203a:	0f 90       	pop	r0
    203c:	0f 90       	pop	r0
    203e:	0f 90       	pop	r0
    2040:	df 91       	pop	r29
    2042:	cf 91       	pop	r28
    2044:	1f 91       	pop	r17
    2046:	0f 91       	pop	r16
    2048:	ff 90       	pop	r15
    204a:	ef 90       	pop	r14
    204c:	08 95       	ret

0000204e <LCD_voidSHD>:
	  LCD_voidSendData(pattern) ; 
	  
	  
	
	
}
    204e:	0f 93       	push	r16
    2050:	1f 93       	push	r17
    2052:	cf 93       	push	r28
    2054:	df 93       	push	r29
    2056:	00 d0       	rcall	.+0      	; 0x2058 <LCD_voidSHD+0xa>
    2058:	00 d0       	rcall	.+0      	; 0x205a <LCD_voidSHD+0xc>
    205a:	cd b7       	in	r28, 0x3d	; 61
    205c:	de b7       	in	r29, 0x3e	; 62
    205e:	08 2f       	mov	r16, r24
    2060:	84 e0       	ldi	r24, 0x04	; 4
    2062:	89 83       	std	Y+1, r24	; 0x01
    2064:	85 e0       	ldi	r24, 0x05	; 5
    2066:	8a 83       	std	Y+2, r24	; 0x02
    2068:	86 e0       	ldi	r24, 0x06	; 6
    206a:	8b 83       	std	Y+3, r24	; 0x03
    206c:	87 e0       	ldi	r24, 0x07	; 7
    206e:	8c 83       	std	Y+4, r24	; 0x04
    2070:	10 e0       	ldi	r17, 0x00	; 0
    2072:	14 c0       	rjmp	.+40     	; 0x209c <LCD_voidSHD+0x4e>
    2074:	40 2f       	mov	r20, r16
    2076:	50 e0       	ldi	r21, 0x00	; 0
    2078:	01 2e       	mov	r0, r17
    207a:	02 c0       	rjmp	.+4      	; 0x2080 <LCD_voidSHD+0x32>
    207c:	55 95       	asr	r21
    207e:	47 95       	ror	r20
    2080:	0a 94       	dec	r0
    2082:	e2 f7       	brpl	.-8      	; 0x207c <LCD_voidSHD+0x2e>
    2084:	41 70       	andi	r20, 0x01	; 1
    2086:	e1 e0       	ldi	r30, 0x01	; 1
    2088:	f0 e0       	ldi	r31, 0x00	; 0
    208a:	ec 0f       	add	r30, r28
    208c:	fd 1f       	adc	r31, r29
    208e:	e1 0f       	add	r30, r17
    2090:	f1 1d       	adc	r31, r1
    2092:	60 81       	ld	r22, Z
    2094:	80 e0       	ldi	r24, 0x00	; 0
    2096:	0e 94 43 11 	call	0x2286	; 0x2286 <DIO_voidSetPinVal>
    209a:	1f 5f       	subi	r17, 0xFF	; 255
    209c:	14 30       	cpi	r17, 0x04	; 4
    209e:	50 f3       	brcs	.-44     	; 0x2074 <LCD_voidSHD+0x26>
    20a0:	0f 90       	pop	r0
    20a2:	0f 90       	pop	r0
    20a4:	0f 90       	pop	r0
    20a6:	0f 90       	pop	r0
    20a8:	df 91       	pop	r29
    20aa:	cf 91       	pop	r28
    20ac:	1f 91       	pop	r17
    20ae:	0f 91       	pop	r16
    20b0:	08 95       	ret

000020b2 <LCD_voidSendEnable>:
    20b2:	41 e0       	ldi	r20, 0x01	; 1
    20b4:	62 e0       	ldi	r22, 0x02	; 2
    20b6:	81 e0       	ldi	r24, 0x01	; 1
    20b8:	0e 94 43 11 	call	0x2286	; 0x2286 <DIO_voidSetPinVal>
    20bc:	8f e3       	ldi	r24, 0x3F	; 63
    20be:	9f e1       	ldi	r25, 0x1F	; 31
    20c0:	01 97       	sbiw	r24, 0x01	; 1
    20c2:	f1 f7       	brne	.-4      	; 0x20c0 <LCD_voidSendEnable+0xe>
    20c4:	00 c0       	rjmp	.+0      	; 0x20c6 <LCD_voidSendEnable+0x14>
    20c6:	00 00       	nop
    20c8:	40 e0       	ldi	r20, 0x00	; 0
    20ca:	62 e0       	ldi	r22, 0x02	; 2
    20cc:	81 e0       	ldi	r24, 0x01	; 1
    20ce:	0e 94 43 11 	call	0x2286	; 0x2286 <DIO_voidSetPinVal>
    20d2:	08 95       	ret

000020d4 <LCD_voidSendData>:
    20d4:	cf 93       	push	r28
    20d6:	c8 2f       	mov	r28, r24
    20d8:	41 e0       	ldi	r20, 0x01	; 1
    20da:	60 e0       	ldi	r22, 0x00	; 0
    20dc:	81 e0       	ldi	r24, 0x01	; 1
    20de:	0e 94 43 11 	call	0x2286	; 0x2286 <DIO_voidSetPinVal>
    20e2:	40 e0       	ldi	r20, 0x00	; 0
    20e4:	61 e0       	ldi	r22, 0x01	; 1
    20e6:	81 e0       	ldi	r24, 0x01	; 1
    20e8:	0e 94 43 11 	call	0x2286	; 0x2286 <DIO_voidSetPinVal>
    20ec:	8c 2f       	mov	r24, r28
    20ee:	82 95       	swap	r24
    20f0:	8f 70       	andi	r24, 0x0F	; 15
    20f2:	0e 94 27 10 	call	0x204e	; 0x204e <LCD_voidSHD>
    20f6:	0e 94 59 10 	call	0x20b2	; 0x20b2 <LCD_voidSendEnable>
    20fa:	8c 2f       	mov	r24, r28
    20fc:	0e 94 27 10 	call	0x204e	; 0x204e <LCD_voidSHD>
    2100:	0e 94 59 10 	call	0x20b2	; 0x20b2 <LCD_voidSendEnable>
    2104:	cf 91       	pop	r28
    2106:	08 95       	ret

00002108 <LCD_voidSendCommand>:
    2108:	cf 93       	push	r28
    210a:	c8 2f       	mov	r28, r24
    210c:	40 e0       	ldi	r20, 0x00	; 0
    210e:	60 e0       	ldi	r22, 0x00	; 0
    2110:	81 e0       	ldi	r24, 0x01	; 1
    2112:	0e 94 43 11 	call	0x2286	; 0x2286 <DIO_voidSetPinVal>
    2116:	40 e0       	ldi	r20, 0x00	; 0
    2118:	61 e0       	ldi	r22, 0x01	; 1
    211a:	81 e0       	ldi	r24, 0x01	; 1
    211c:	0e 94 43 11 	call	0x2286	; 0x2286 <DIO_voidSetPinVal>
    2120:	8c 2f       	mov	r24, r28
    2122:	82 95       	swap	r24
    2124:	8f 70       	andi	r24, 0x0F	; 15
    2126:	0e 94 27 10 	call	0x204e	; 0x204e <LCD_voidSHD>
    212a:	0e 94 59 10 	call	0x20b2	; 0x20b2 <LCD_voidSendEnable>
    212e:	8c 2f       	mov	r24, r28
    2130:	0e 94 27 10 	call	0x204e	; 0x204e <LCD_voidSHD>
    2134:	0e 94 59 10 	call	0x20b2	; 0x20b2 <LCD_voidSendEnable>
    2138:	cf 91       	pop	r28
    213a:	08 95       	ret

0000213c <LCD_voidInit>:
    213c:	2f ef       	ldi	r18, 0xFF	; 255
    213e:	83 ef       	ldi	r24, 0xF3	; 243
    2140:	91 e0       	ldi	r25, 0x01	; 1
    2142:	21 50       	subi	r18, 0x01	; 1
    2144:	80 40       	sbci	r24, 0x00	; 0
    2146:	90 40       	sbci	r25, 0x00	; 0
    2148:	e1 f7       	brne	.-8      	; 0x2142 <LCD_voidInit+0x6>
    214a:	00 c0       	rjmp	.+0      	; 0x214c <LCD_voidInit+0x10>
    214c:	00 00       	nop
    214e:	82 e0       	ldi	r24, 0x02	; 2
    2150:	0e 94 27 10 	call	0x204e	; 0x204e <LCD_voidSHD>
    2154:	0e 94 59 10 	call	0x20b2	; 0x20b2 <LCD_voidSendEnable>
    2158:	82 e0       	ldi	r24, 0x02	; 2
    215a:	0e 94 27 10 	call	0x204e	; 0x204e <LCD_voidSHD>
    215e:	0e 94 59 10 	call	0x20b2	; 0x20b2 <LCD_voidSendEnable>
    2162:	88 e0       	ldi	r24, 0x08	; 8
    2164:	0e 94 27 10 	call	0x204e	; 0x204e <LCD_voidSHD>
    2168:	0e 94 59 10 	call	0x20b2	; 0x20b2 <LCD_voidSendEnable>
    216c:	8c e0       	ldi	r24, 0x0C	; 12
    216e:	0e 94 84 10 	call	0x2108	; 0x2108 <LCD_voidSendCommand>
    2172:	81 e0       	ldi	r24, 0x01	; 1
    2174:	0e 94 84 10 	call	0x2108	; 0x2108 <LCD_voidSendCommand>
    2178:	08 95       	ret

0000217a <LCD_voidSendString>:
    217a:	0f 93       	push	r16
    217c:	1f 93       	push	r17
    217e:	cf 93       	push	r28
    2180:	8c 01       	movw	r16, r24
    2182:	c0 e0       	ldi	r28, 0x00	; 0
    2184:	03 c0       	rjmp	.+6      	; 0x218c <LCD_voidSendString+0x12>
    2186:	0e 94 6a 10 	call	0x20d4	; 0x20d4 <LCD_voidSendData>
    218a:	cf 5f       	subi	r28, 0xFF	; 255
    218c:	f8 01       	movw	r30, r16
    218e:	ec 0f       	add	r30, r28
    2190:	f1 1d       	adc	r31, r1
    2192:	80 81       	ld	r24, Z
    2194:	81 11       	cpse	r24, r1
    2196:	f7 cf       	rjmp	.-18     	; 0x2186 <LCD_voidSendString+0xc>
    2198:	cf 91       	pop	r28
    219a:	1f 91       	pop	r17
    219c:	0f 91       	pop	r16
    219e:	08 95       	ret

000021a0 <LCD_voidGotoxy>:
    21a0:	90 e4       	ldi	r25, 0x40	; 64
    21a2:	69 9f       	mul	r22, r25
    21a4:	80 0d       	add	r24, r0
    21a6:	11 24       	eor	r1, r1
    21a8:	80 68       	ori	r24, 0x80	; 128
    21aa:	0e 94 84 10 	call	0x2108	; 0x2108 <LCD_voidSendCommand>
    21ae:	08 95       	ret

000021b0 <LCD_voidSendNumber>:
void LCD_voidSendNumber(u32 number){
    21b0:	1f 93       	push	r17
    21b2:	cf 93       	push	r28
    21b4:	df 93       	push	r29
    21b6:	cd b7       	in	r28, 0x3d	; 61
    21b8:	de b7       	in	r29, 0x3e	; 62
    21ba:	2a 97       	sbiw	r28, 0x0a	; 10
    21bc:	0f b6       	in	r0, 0x3f	; 63
    21be:	f8 94       	cli
    21c0:	de bf       	out	0x3e, r29	; 62
    21c2:	0f be       	out	0x3f, r0	; 63
    21c4:	cd bf       	out	0x3d, r28	; 61
	
	s8 i=0;
	u8 array[10] ;
	
	if(number==0){
    21c6:	61 15       	cp	r22, r1
    21c8:	71 05       	cpc	r23, r1
    21ca:	81 05       	cpc	r24, r1
    21cc:	91 05       	cpc	r25, r1
    21ce:	d1 f4       	brne	.+52     	; 0x2204 <LCD_voidSendNumber+0x54>
		
		LCD_voidSendData('0') ;
    21d0:	80 e3       	ldi	r24, 0x30	; 48
    21d2:	0e 94 6a 10 	call	0x20d4	; 0x20d4 <LCD_voidSendData>
    21d6:	2c c0       	rjmp	.+88     	; 0x2230 <LCD_voidSendNumber+0x80>
		return ;
	}
	for(i=0; number!=0 ;i++){
		
		array[i]= number % 10 + 48 ;
    21d8:	2a e0       	ldi	r18, 0x0A	; 10
    21da:	30 e0       	ldi	r19, 0x00	; 0
    21dc:	40 e0       	ldi	r20, 0x00	; 0
    21de:	50 e0       	ldi	r21, 0x00	; 0
    21e0:	0e 94 22 14 	call	0x2844	; 0x2844 <__udivmodsi4>
    21e4:	e1 e0       	ldi	r30, 0x01	; 1
    21e6:	f0 e0       	ldi	r31, 0x00	; 0
    21e8:	ec 0f       	add	r30, r28
    21ea:	fd 1f       	adc	r31, r29
    21ec:	e1 0f       	add	r30, r17
    21ee:	f1 1d       	adc	r31, r1
    21f0:	17 fd       	sbrc	r17, 7
    21f2:	fa 95       	dec	r31
    21f4:	60 5d       	subi	r22, 0xD0	; 208
    21f6:	60 83       	st	Z, r22
		number /= 10 ;
    21f8:	62 2f       	mov	r22, r18
    21fa:	73 2f       	mov	r23, r19
    21fc:	84 2f       	mov	r24, r20
    21fe:	95 2f       	mov	r25, r21
	if(number==0){
		
		LCD_voidSendData('0') ;
		return ;
	}
	for(i=0; number!=0 ;i++){
    2200:	1f 5f       	subi	r17, 0xFF	; 255
    2202:	01 c0       	rjmp	.+2      	; 0x2206 <LCD_voidSendNumber+0x56>
    2204:	10 e0       	ldi	r17, 0x00	; 0
    2206:	61 15       	cp	r22, r1
    2208:	71 05       	cpc	r23, r1
    220a:	81 05       	cpc	r24, r1
    220c:	91 05       	cpc	r25, r1
    220e:	21 f7       	brne	.-56     	; 0x21d8 <LCD_voidSendNumber+0x28>
		
		array[i]= number % 10 + 48 ;
		number /= 10 ;
	}
	i-- ;
    2210:	11 50       	subi	r17, 0x01	; 1
	while(i >= 0){
    2212:	0c c0       	rjmp	.+24     	; 0x222c <LCD_voidSendNumber+0x7c>
		
		LCD_voidSendData(array[i]) ;
    2214:	e1 e0       	ldi	r30, 0x01	; 1
    2216:	f0 e0       	ldi	r31, 0x00	; 0
    2218:	ec 0f       	add	r30, r28
    221a:	fd 1f       	adc	r31, r29
    221c:	e1 0f       	add	r30, r17
    221e:	f1 1d       	adc	r31, r1
    2220:	17 fd       	sbrc	r17, 7
    2222:	fa 95       	dec	r31
    2224:	80 81       	ld	r24, Z
    2226:	0e 94 6a 10 	call	0x20d4	; 0x20d4 <LCD_voidSendData>
		i-- ;
    222a:	11 50       	subi	r17, 0x01	; 1
		
		array[i]= number % 10 + 48 ;
		number /= 10 ;
	}
	i-- ;
	while(i >= 0){
    222c:	11 23       	and	r17, r17
    222e:	94 f7       	brge	.-28     	; 0x2214 <LCD_voidSendNumber+0x64>
		
		LCD_voidSendData(array[i]) ;
		i-- ;
	}
    2230:	2a 96       	adiw	r28, 0x0a	; 10
    2232:	0f b6       	in	r0, 0x3f	; 63
    2234:	f8 94       	cli
    2236:	de bf       	out	0x3e, r29	; 62
    2238:	0f be       	out	0x3f, r0	; 63
    223a:	cd bf       	out	0x3d, r28	; 61
    223c:	df 91       	pop	r29
    223e:	cf 91       	pop	r28
    2240:	1f 91       	pop	r17
    2242:	08 95       	ret

00002244 <ADC_voidInit>:


void ADC_voidInit(){
	
	/*Reference Selections for ADC : AVCC with external capacitor at AREF pin*/
	 CLR_BIT(ADMUX_REG,7) ; 
    2244:	87 b1       	in	r24, 0x07	; 7
    2246:	8f 77       	andi	r24, 0x7F	; 127
    2248:	87 b9       	out	0x07, r24	; 7
	 SET_BIT(ADMUX_REG,6) ; 
    224a:	87 b1       	in	r24, 0x07	; 7
    224c:	80 64       	ori	r24, 0x40	; 64
    224e:	87 b9       	out	0x07, r24	; 7
	 
	/*select prescaler */
	 
	 ADCSRA_REG&=0b11111000 ; 
    2250:	86 b1       	in	r24, 0x06	; 6
    2252:	88 7f       	andi	r24, 0xF8	; 248
    2254:	86 b9       	out	0x06, r24	; 6
	 ADCSRA_REG|=ADC_PRESCALER ; 
    2256:	86 b1       	in	r24, 0x06	; 6
    2258:	87 60       	ori	r24, 0x07	; 7
    225a:	86 b9       	out	0x06, r24	; 6
	
	
	/* ENABLE ADC */
	
	SET_BIT(ADCSRA_REG,7) ; 
    225c:	86 b1       	in	r24, 0x06	; 6
    225e:	80 68       	ori	r24, 0x80	; 128
    2260:	86 b9       	out	0x06, r24	; 6
    2262:	08 95       	ret

00002264 <ADC_u16ReadChannel>:
}

u16 ADC_u16ReadChannel(u8 copy_u8channel){
	
	  /* select channel */
	  ADMUX_REG &=0b11100000 ; 
    2264:	97 b1       	in	r25, 0x07	; 7
    2266:	90 7e       	andi	r25, 0xE0	; 224
    2268:	97 b9       	out	0x07, r25	; 7
	  ADMUX_REG |=copy_u8channel ; 
    226a:	97 b1       	in	r25, 0x07	; 7
    226c:	89 2b       	or	r24, r25
    226e:	87 b9       	out	0x07, r24	; 7
	  /* start conversion */
	  SET_BIT(ADCSRA_REG,6) ; 
    2270:	86 b1       	in	r24, 0x06	; 6
    2272:	80 64       	ori	r24, 0x40	; 64
    2274:	86 b9       	out	0x06, r24	; 6
	  
	  while(GET_BIT(ADCSRA_REG,4)==0) ; 
    2276:	34 9b       	sbis	0x06, 4	; 6
    2278:	fe cf       	rjmp	.-4      	; 0x2276 <ADC_u16ReadChannel+0x12>
	  
	  SET_BIT(ADCSRA_REG,4) ; // CLR FLAG 
    227a:	86 b1       	in	r24, 0x06	; 6
    227c:	80 61       	ori	r24, 0x10	; 16
    227e:	86 b9       	out	0x06, r24	; 6
	  
	  return  ADC_REG ; 
    2280:	84 b1       	in	r24, 0x04	; 4
    2282:	95 b1       	in	r25, 0x05	; 5

    2284:	08 95       	ret

00002286 <DIO_voidSetPinVal>:
	
	
	return Loc_u8Val ; 
	
	
}
    2286:	42 30       	cpi	r20, 0x02	; 2
    2288:	08 f0       	brcs	.+2      	; 0x228c <DIO_voidSetPinVal+0x6>
    228a:	6f c0       	rjmp	.+222    	; 0x236a <DIO_voidSetPinVal+0xe4>
    228c:	41 30       	cpi	r20, 0x01	; 1
    228e:	a1 f5       	brne	.+104    	; 0x22f8 <DIO_voidSetPinVal+0x72>
    2290:	81 30       	cpi	r24, 0x01	; 1
    2292:	89 f0       	breq	.+34     	; 0x22b6 <DIO_voidSetPinVal+0x30>
    2294:	28 f0       	brcs	.+10     	; 0x22a0 <DIO_voidSetPinVal+0x1a>
    2296:	82 30       	cpi	r24, 0x02	; 2
    2298:	c9 f0       	breq	.+50     	; 0x22cc <DIO_voidSetPinVal+0x46>
    229a:	83 30       	cpi	r24, 0x03	; 3
    229c:	11 f1       	breq	.+68     	; 0x22e2 <DIO_voidSetPinVal+0x5c>
    229e:	08 95       	ret
    22a0:	2b b3       	in	r18, 0x1b	; 27
    22a2:	81 e0       	ldi	r24, 0x01	; 1
    22a4:	90 e0       	ldi	r25, 0x00	; 0
    22a6:	02 c0       	rjmp	.+4      	; 0x22ac <DIO_voidSetPinVal+0x26>
    22a8:	88 0f       	add	r24, r24
    22aa:	99 1f       	adc	r25, r25
    22ac:	6a 95       	dec	r22
    22ae:	e2 f7       	brpl	.-8      	; 0x22a8 <DIO_voidSetPinVal+0x22>
    22b0:	82 2b       	or	r24, r18
    22b2:	8b bb       	out	0x1b, r24	; 27
    22b4:	08 95       	ret
    22b6:	28 b3       	in	r18, 0x18	; 24
    22b8:	81 e0       	ldi	r24, 0x01	; 1
    22ba:	90 e0       	ldi	r25, 0x00	; 0
    22bc:	02 c0       	rjmp	.+4      	; 0x22c2 <DIO_voidSetPinVal+0x3c>
    22be:	88 0f       	add	r24, r24
    22c0:	99 1f       	adc	r25, r25
    22c2:	6a 95       	dec	r22
    22c4:	e2 f7       	brpl	.-8      	; 0x22be <DIO_voidSetPinVal+0x38>
    22c6:	82 2b       	or	r24, r18
    22c8:	88 bb       	out	0x18, r24	; 24
    22ca:	08 95       	ret
    22cc:	25 b3       	in	r18, 0x15	; 21
    22ce:	81 e0       	ldi	r24, 0x01	; 1
    22d0:	90 e0       	ldi	r25, 0x00	; 0
    22d2:	02 c0       	rjmp	.+4      	; 0x22d8 <DIO_voidSetPinVal+0x52>
    22d4:	88 0f       	add	r24, r24
    22d6:	99 1f       	adc	r25, r25
    22d8:	6a 95       	dec	r22
    22da:	e2 f7       	brpl	.-8      	; 0x22d4 <DIO_voidSetPinVal+0x4e>
    22dc:	82 2b       	or	r24, r18
    22de:	85 bb       	out	0x15, r24	; 21
    22e0:	08 95       	ret
    22e2:	22 b3       	in	r18, 0x12	; 18
    22e4:	81 e0       	ldi	r24, 0x01	; 1
    22e6:	90 e0       	ldi	r25, 0x00	; 0
    22e8:	02 c0       	rjmp	.+4      	; 0x22ee <DIO_voidSetPinVal+0x68>
    22ea:	88 0f       	add	r24, r24
    22ec:	99 1f       	adc	r25, r25
    22ee:	6a 95       	dec	r22
    22f0:	e2 f7       	brpl	.-8      	; 0x22ea <DIO_voidSetPinVal+0x64>
    22f2:	82 2b       	or	r24, r18
    22f4:	82 bb       	out	0x12, r24	; 18
    22f6:	08 95       	ret
    22f8:	41 11       	cpse	r20, r1
    22fa:	37 c0       	rjmp	.+110    	; 0x236a <DIO_voidSetPinVal+0xe4>
    22fc:	81 30       	cpi	r24, 0x01	; 1
    22fe:	91 f0       	breq	.+36     	; 0x2324 <DIO_voidSetPinVal+0x9e>
    2300:	28 f0       	brcs	.+10     	; 0x230c <DIO_voidSetPinVal+0x86>
    2302:	82 30       	cpi	r24, 0x02	; 2
    2304:	d9 f0       	breq	.+54     	; 0x233c <DIO_voidSetPinVal+0xb6>
    2306:	83 30       	cpi	r24, 0x03	; 3
    2308:	29 f1       	breq	.+74     	; 0x2354 <DIO_voidSetPinVal+0xce>
    230a:	08 95       	ret
    230c:	2b b3       	in	r18, 0x1b	; 27
    230e:	81 e0       	ldi	r24, 0x01	; 1
    2310:	90 e0       	ldi	r25, 0x00	; 0
    2312:	02 c0       	rjmp	.+4      	; 0x2318 <DIO_voidSetPinVal+0x92>
    2314:	88 0f       	add	r24, r24
    2316:	99 1f       	adc	r25, r25
    2318:	6a 95       	dec	r22
    231a:	e2 f7       	brpl	.-8      	; 0x2314 <DIO_voidSetPinVal+0x8e>
    231c:	80 95       	com	r24
    231e:	82 23       	and	r24, r18
    2320:	8b bb       	out	0x1b, r24	; 27
    2322:	08 95       	ret
    2324:	28 b3       	in	r18, 0x18	; 24
    2326:	81 e0       	ldi	r24, 0x01	; 1
    2328:	90 e0       	ldi	r25, 0x00	; 0
    232a:	02 c0       	rjmp	.+4      	; 0x2330 <DIO_voidSetPinVal+0xaa>
    232c:	88 0f       	add	r24, r24
    232e:	99 1f       	adc	r25, r25
    2330:	6a 95       	dec	r22
    2332:	e2 f7       	brpl	.-8      	; 0x232c <DIO_voidSetPinVal+0xa6>
    2334:	80 95       	com	r24
    2336:	82 23       	and	r24, r18
    2338:	88 bb       	out	0x18, r24	; 24
    233a:	08 95       	ret
    233c:	25 b3       	in	r18, 0x15	; 21
    233e:	81 e0       	ldi	r24, 0x01	; 1
    2340:	90 e0       	ldi	r25, 0x00	; 0
    2342:	02 c0       	rjmp	.+4      	; 0x2348 <DIO_voidSetPinVal+0xc2>
    2344:	88 0f       	add	r24, r24
    2346:	99 1f       	adc	r25, r25
    2348:	6a 95       	dec	r22
    234a:	e2 f7       	brpl	.-8      	; 0x2344 <DIO_voidSetPinVal+0xbe>
    234c:	80 95       	com	r24
    234e:	82 23       	and	r24, r18
    2350:	85 bb       	out	0x15, r24	; 21
    2352:	08 95       	ret
    2354:	22 b3       	in	r18, 0x12	; 18
    2356:	81 e0       	ldi	r24, 0x01	; 1
    2358:	90 e0       	ldi	r25, 0x00	; 0
    235a:	02 c0       	rjmp	.+4      	; 0x2360 <DIO_voidSetPinVal+0xda>
    235c:	88 0f       	add	r24, r24
    235e:	99 1f       	adc	r25, r25
    2360:	6a 95       	dec	r22
    2362:	e2 f7       	brpl	.-8      	; 0x235c <DIO_voidSetPinVal+0xd6>
    2364:	80 95       	com	r24
    2366:	82 23       	and	r24, r18
    2368:	82 bb       	out	0x12, r24	; 18
    236a:	08 95       	ret

0000236c <DIO_voidSetPortDir>:


void DIO_voidSetPortDir(u8 copy_u8port, u8 copy_u8dir){
	
	switch(copy_u8port){
    236c:	81 30       	cpi	r24, 0x01	; 1
    236e:	41 f0       	breq	.+16     	; 0x2380 <DIO_voidSetPortDir+0x14>
    2370:	28 f0       	brcs	.+10     	; 0x237c <DIO_voidSetPortDir+0x10>
    2372:	82 30       	cpi	r24, 0x02	; 2
    2374:	39 f0       	breq	.+14     	; 0x2384 <DIO_voidSetPortDir+0x18>
    2376:	83 30       	cpi	r24, 0x03	; 3
    2378:	39 f0       	breq	.+14     	; 0x2388 <DIO_voidSetPortDir+0x1c>
    237a:	08 95       	ret
		
		case DIO_PORTA: DDRA_REG=copy_u8dir ;break ; 
    237c:	6a bb       	out	0x1a, r22	; 26
    237e:	08 95       	ret
		case DIO_PORTB: DDRB_REG=copy_u8dir ;break ;
    2380:	67 bb       	out	0x17, r22	; 23
    2382:	08 95       	ret
		case DIO_PORTC: DDRC_REG=copy_u8dir ;break ;
    2384:	64 bb       	out	0x14, r22	; 20
    2386:	08 95       	ret
		case DIO_PORTD: DDRD_REG=copy_u8dir ;break ;
    2388:	61 bb       	out	0x11, r22	; 17
    238a:	08 95       	ret

0000238c <GI_voidEnable>:



void GI_voidEnable(void) {
	
	SET_BIT(SREG_REG,L_BIT) ;  //    SREG | =1<<7  --> 
    238c:	8f b7       	in	r24, 0x3f	; 63
    238e:	80 68       	ori	r24, 0x80	; 128
    2390:	8f bf       	out	0x3f, r24	; 63
    2392:	08 95       	ret

00002394 <TIMER0_voidFastPWM>:
}

void TIMER0_voidFastPWM (u8 copy_u8dc) {
	
	/*select mode : fast pwm*/
	SET_BIT(TCCR0_REG, 3);
    2394:	93 b7       	in	r25, 0x33	; 51
    2396:	98 60       	ori	r25, 0x08	; 8
    2398:	93 bf       	out	0x33, r25	; 51
	SET_BIT(TCCR0_REG, 6);
    239a:	93 b7       	in	r25, 0x33	; 51
    239c:	90 64       	ori	r25, 0x40	; 64
    239e:	93 bf       	out	0x33, r25	; 51
	
	/*non inverting*/
	SET_BIT(TCCR0_REG, 5);
    23a0:	93 b7       	in	r25, 0x33	; 51
    23a2:	90 62       	ori	r25, 0x20	; 32
    23a4:	93 bf       	out	0x33, r25	; 51
	CLR_BIT(TCCR0_REG, 4);
    23a6:	93 b7       	in	r25, 0x33	; 51
    23a8:	9f 7e       	andi	r25, 0xEF	; 239
    23aa:	93 bf       	out	0x33, r25	; 51
	
	/*set prescaler*/
	TCCR0_REG &= 0b11111000 ;
    23ac:	93 b7       	in	r25, 0x33	; 51
    23ae:	98 7f       	andi	r25, 0xF8	; 248
    23b0:	93 bf       	out	0x33, r25	; 51
	TCCR0_REG |= TIME0_PRESCALER;
    23b2:	93 b7       	in	r25, 0x33	; 51
    23b4:	93 60       	ori	r25, 0x03	; 3
    23b6:	93 bf       	out	0x33, r25	; 51
	
	OCR0_REG = copy_u8dc * 2.55 ;
    23b8:	68 2f       	mov	r22, r24
    23ba:	70 e0       	ldi	r23, 0x00	; 0
    23bc:	80 e0       	ldi	r24, 0x00	; 0
    23be:	90 e0       	ldi	r25, 0x00	; 0
    23c0:	0e 94 ec 12 	call	0x25d8	; 0x25d8 <__floatsisf>
    23c4:	23 e3       	ldi	r18, 0x33	; 51
    23c6:	33 e3       	ldi	r19, 0x33	; 51
    23c8:	43 e2       	ldi	r20, 0x23	; 35
    23ca:	50 e4       	ldi	r21, 0x40	; 64
    23cc:	0e 94 55 13 	call	0x26aa	; 0x26aa <__mulsf3>
    23d0:	0e 94 bb 12 	call	0x2576	; 0x2576 <__fixunssfsi>
    23d4:	6c bf       	out	0x3c, r22	; 60
    23d6:	08 95       	ret

000023d8 <__vector_11>:
	
}


void __vector_11(void)__attribute__((signal)) ;
void __vector_11(void){
    23d8:	1f 92       	push	r1
    23da:	0f 92       	push	r0
    23dc:	0f b6       	in	r0, 0x3f	; 63
    23de:	0f 92       	push	r0
    23e0:	11 24       	eor	r1, r1
    23e2:	2f 93       	push	r18
    23e4:	3f 93       	push	r19
    23e6:	4f 93       	push	r20
    23e8:	5f 93       	push	r21
    23ea:	6f 93       	push	r22
    23ec:	7f 93       	push	r23
    23ee:	8f 93       	push	r24
    23f0:	9f 93       	push	r25
    23f2:	af 93       	push	r26
    23f4:	bf 93       	push	r27
    23f6:	ef 93       	push	r30
    23f8:	ff 93       	push	r31
	

	TIM0_PTR[0]() ; 
    23fa:	e0 91 98 06 	lds	r30, 0x0698	; 0x800698 <TIM0_PTR>
    23fe:	f0 91 99 06 	lds	r31, 0x0699	; 0x800699 <TIM0_PTR+0x1>
    2402:	09 95       	icall


}
    2404:	ff 91       	pop	r31
    2406:	ef 91       	pop	r30
    2408:	bf 91       	pop	r27
    240a:	af 91       	pop	r26
    240c:	9f 91       	pop	r25
    240e:	8f 91       	pop	r24
    2410:	7f 91       	pop	r23
    2412:	6f 91       	pop	r22
    2414:	5f 91       	pop	r21
    2416:	4f 91       	pop	r20
    2418:	3f 91       	pop	r19
    241a:	2f 91       	pop	r18
    241c:	0f 90       	pop	r0
    241e:	0f be       	out	0x3f, r0	; 63
    2420:	0f 90       	pop	r0
    2422:	1f 90       	pop	r1
    2424:	18 95       	reti

00002426 <__vector_10>:

void __vector_10(void)__attribute__((signal)) ;
void __vector_10(void){
    2426:	1f 92       	push	r1
    2428:	0f 92       	push	r0
    242a:	0f b6       	in	r0, 0x3f	; 63
    242c:	0f 92       	push	r0
    242e:	11 24       	eor	r1, r1
    2430:	2f 93       	push	r18
    2432:	3f 93       	push	r19
    2434:	4f 93       	push	r20
    2436:	5f 93       	push	r21
    2438:	6f 93       	push	r22
    243a:	7f 93       	push	r23
    243c:	8f 93       	push	r24
    243e:	9f 93       	push	r25
    2440:	af 93       	push	r26
    2442:	bf 93       	push	r27
    2444:	ef 93       	push	r30
    2446:	ff 93       	push	r31
	

	TIM0_PTR[1]() ;
    2448:	e0 91 9a 06 	lds	r30, 0x069A	; 0x80069a <TIM0_PTR+0x2>
    244c:	f0 91 9b 06 	lds	r31, 0x069B	; 0x80069b <TIM0_PTR+0x3>
    2450:	09 95       	icall

}
    2452:	ff 91       	pop	r31
    2454:	ef 91       	pop	r30
    2456:	bf 91       	pop	r27
    2458:	af 91       	pop	r26
    245a:	9f 91       	pop	r25
    245c:	8f 91       	pop	r24
    245e:	7f 91       	pop	r23
    2460:	6f 91       	pop	r22
    2462:	5f 91       	pop	r21
    2464:	4f 91       	pop	r20
    2466:	3f 91       	pop	r19
    2468:	2f 91       	pop	r18
    246a:	0f 90       	pop	r0
    246c:	0f be       	out	0x3f, r0	; 63
    246e:	0f 90       	pop	r0
    2470:	1f 90       	pop	r1
    2472:	18 95       	reti

00002474 <UART_Init>:

		str[i] = receivedChar;                 // Store the received character
		i++;                                   // Increment the index
	}

	str[i] = '\0';                             // Null-terminate the string
    2474:	9c 01       	movw	r18, r24
    2476:	40 e0       	ldi	r20, 0x00	; 0
    2478:	50 e0       	ldi	r21, 0x00	; 0
    247a:	60 e4       	ldi	r22, 0x40	; 64
    247c:	72 e4       	ldi	r23, 0x42	; 66
    247e:	8f e0       	ldi	r24, 0x0F	; 15
    2480:	90 e0       	ldi	r25, 0x00	; 0
    2482:	0e 94 22 14 	call	0x2844	; 0x2844 <__udivmodsi4>
    2486:	21 50       	subi	r18, 0x01	; 1
    2488:	31 09       	sbc	r19, r1
    248a:	30 bd       	out	0x20, r19	; 32
    248c:	29 b9       	out	0x09, r18	; 9
    248e:	88 e1       	ldi	r24, 0x18	; 24
    2490:	8a b9       	out	0x0a, r24	; 10
    2492:	86 e8       	ldi	r24, 0x86	; 134
    2494:	80 bd       	out	0x20, r24	; 32
    2496:	08 95       	ret

00002498 <UART_SendString>:
    2498:	fc 01       	movw	r30, r24
    249a:	04 c0       	rjmp	.+8      	; 0x24a4 <UART_SendString+0xc>
    249c:	5d 9b       	sbis	0x0b, 5	; 11
    249e:	fe cf       	rjmp	.-4      	; 0x249c <UART_SendString+0x4>
    24a0:	8c b9       	out	0x0c, r24	; 12
    24a2:	31 96       	adiw	r30, 0x01	; 1
    24a4:	80 81       	ld	r24, Z
    24a6:	81 11       	cpse	r24, r1
    24a8:	f9 cf       	rjmp	.-14     	; 0x249c <UART_SendString+0x4>
    24aa:	08 95       	ret

000024ac <UART_SendChar>:
	}
}


void UART_SendChar(u8 data) {
	while (!(UCSRA & (1 << UDRE))); // Wait for the Data Register to be empty
    24ac:	5d 9b       	sbis	0x0b, 5	; 11
    24ae:	fe cf       	rjmp	.-4      	; 0x24ac <UART_SendChar>
	UDR = data;                    // Write the data to be transmitted
    24b0:	8c b9       	out	0x0c, r24	; 12
    24b2:	08 95       	ret

000024b4 <UART_SendNumber>:
		i++;                                   // Increment the index
	}

	str[i] = '\0';                             // Null-terminate the string
}
void UART_SendNumber(u16 number) {
    24b4:	1f 93       	push	r17
    24b6:	cf 93       	push	r28
    24b8:	df 93       	push	r29
    24ba:	cd b7       	in	r28, 0x3d	; 61
    24bc:	de b7       	in	r29, 0x3e	; 62
    24be:	2a 97       	sbiw	r28, 0x0a	; 10
    24c0:	0f b6       	in	r0, 0x3f	; 63
    24c2:	f8 94       	cli
    24c4:	de bf       	out	0x3e, r29	; 62
    24c6:	0f be       	out	0x3f, r0	; 63
    24c8:	cd bf       	out	0x3d, r28	; 61
    24ca:	ac 01       	movw	r20, r24
	char buffer[10]; // Buffer to hold the ASCII representation of the number
	u8 index = 0;

	// Convert the number to a string (ASCII)
	if (number == 0) {
    24cc:	89 2b       	or	r24, r25
    24ce:	99 f5       	brne	.+102    	; 0x2536 <UART_SendNumber+0x82>
		UART_SendChar('0'); // Send '0' directly if the number is 0
    24d0:	80 e3       	ldi	r24, 0x30	; 48
    24d2:	90 e0       	ldi	r25, 0x00	; 0
    24d4:	0e 94 56 12 	call	0x24ac	; 0x24ac <UART_SendChar>
    24d8:	40 c0       	rjmp	.+128    	; 0x255a <UART_SendNumber+0xa6>
		return;
	}

	while (number > 0) {
		buffer[index++] = (number % 10) + '0'; // Get the last digit and convert to ASCII
    24da:	9a 01       	movw	r18, r20
    24dc:	ad ec       	ldi	r26, 0xCD	; 205
    24de:	bc ec       	ldi	r27, 0xCC	; 204
    24e0:	0e 94 44 14 	call	0x2888	; 0x2888 <__umulhisi3>
    24e4:	96 95       	lsr	r25
    24e6:	87 95       	ror	r24
    24e8:	96 95       	lsr	r25
    24ea:	87 95       	ror	r24
    24ec:	96 95       	lsr	r25
    24ee:	87 95       	ror	r24
    24f0:	9c 01       	movw	r18, r24
    24f2:	22 0f       	add	r18, r18
    24f4:	33 1f       	adc	r19, r19
    24f6:	88 0f       	add	r24, r24
    24f8:	99 1f       	adc	r25, r25
    24fa:	88 0f       	add	r24, r24
    24fc:	99 1f       	adc	r25, r25
    24fe:	88 0f       	add	r24, r24
    2500:	99 1f       	adc	r25, r25
    2502:	82 0f       	add	r24, r18
    2504:	93 1f       	adc	r25, r19
    2506:	9a 01       	movw	r18, r20
    2508:	28 1b       	sub	r18, r24
    250a:	39 0b       	sbc	r19, r25
    250c:	c9 01       	movw	r24, r18
    250e:	e1 e0       	ldi	r30, 0x01	; 1
    2510:	f0 e0       	ldi	r31, 0x00	; 0
    2512:	ec 0f       	add	r30, r28
    2514:	fd 1f       	adc	r31, r29
    2516:	e1 0f       	add	r30, r17
    2518:	f1 1d       	adc	r31, r1
    251a:	80 5d       	subi	r24, 0xD0	; 208
    251c:	80 83       	st	Z, r24
		number /= 10; // Remove the last digit
    251e:	9a 01       	movw	r18, r20
    2520:	0e 94 44 14 	call	0x2888	; 0x2888 <__umulhisi3>
    2524:	ac 01       	movw	r20, r24
    2526:	56 95       	lsr	r21
    2528:	47 95       	ror	r20
    252a:	56 95       	lsr	r21
    252c:	47 95       	ror	r20
    252e:	56 95       	lsr	r21
    2530:	47 95       	ror	r20
		UART_SendChar('0'); // Send '0' directly if the number is 0
		return;
	}

	while (number > 0) {
		buffer[index++] = (number % 10) + '0'; // Get the last digit and convert to ASCII
    2532:	1f 5f       	subi	r17, 0xFF	; 255
    2534:	01 c0       	rjmp	.+2      	; 0x2538 <UART_SendNumber+0x84>
    2536:	10 e0       	ldi	r17, 0x00	; 0
	if (number == 0) {
		UART_SendChar('0'); // Send '0' directly if the number is 0
		return;
	}

	while (number > 0) {
    2538:	41 15       	cp	r20, r1
    253a:	51 05       	cpc	r21, r1
    253c:	71 f6       	brne	.-100    	; 0x24da <UART_SendNumber+0x26>
    253e:	0b c0       	rjmp	.+22     	; 0x2556 <UART_SendNumber+0xa2>
		number /= 10; // Remove the last digit
	}

	// Send the digits in reverse order (since we processed them from the least significant digit)
	while (index > 0) {
		UART_SendChar(buffer[--index]);
    2540:	11 50       	subi	r17, 0x01	; 1
    2542:	e1 e0       	ldi	r30, 0x01	; 1
    2544:	f0 e0       	ldi	r31, 0x00	; 0
    2546:	ec 0f       	add	r30, r28
    2548:	fd 1f       	adc	r31, r29
    254a:	e1 0f       	add	r30, r17
    254c:	f1 1d       	adc	r31, r1
    254e:	80 81       	ld	r24, Z
    2550:	90 e0       	ldi	r25, 0x00	; 0
    2552:	0e 94 56 12 	call	0x24ac	; 0x24ac <UART_SendChar>
		buffer[index++] = (number % 10) + '0'; // Get the last digit and convert to ASCII
		number /= 10; // Remove the last digit
	}

	// Send the digits in reverse order (since we processed them from the least significant digit)
	while (index > 0) {
    2556:	11 11       	cpse	r17, r1
    2558:	f3 cf       	rjmp	.-26     	; 0x2540 <UART_SendNumber+0x8c>
		UART_SendChar(buffer[--index]);
	}
}
    255a:	2a 96       	adiw	r28, 0x0a	; 10
    255c:	0f b6       	in	r0, 0x3f	; 63
    255e:	f8 94       	cli
    2560:	de bf       	out	0x3e, r29	; 62
    2562:	0f be       	out	0x3f, r0	; 63
    2564:	cd bf       	out	0x3d, r28	; 61
    2566:	df 91       	pop	r29
    2568:	cf 91       	pop	r28
    256a:	1f 91       	pop	r17
    256c:	08 95       	ret

0000256e <UART_ReceiveChar>:
void UART_SendChar(u8 data) {
	while (!(UCSRA & (1 << UDRE))); // Wait for the Data Register to be empty
	UDR = data;                    // Write the data to be transmitted
}
u8 UART_ReceiveChar(void) {
	while (!(UCSRA & (1 << RXC))); // Wait for a character to be received
    256e:	5f 9b       	sbis	0x0b, 7	; 11
    2570:	fe cf       	rjmp	.-4      	; 0x256e <UART_ReceiveChar>
	return UDR;                    // Return the received character
    2572:	8c b1       	in	r24, 0x0c	; 12
}
    2574:	08 95       	ret

00002576 <__fixunssfsi>:
    2576:	0e 94 2f 13 	call	0x265e	; 0x265e <__fp_splitA>
    257a:	88 f0       	brcs	.+34     	; 0x259e <__fixunssfsi+0x28>
    257c:	9f 57       	subi	r25, 0x7F	; 127
    257e:	98 f0       	brcs	.+38     	; 0x25a6 <__fixunssfsi+0x30>
    2580:	b9 2f       	mov	r27, r25
    2582:	99 27       	eor	r25, r25
    2584:	b7 51       	subi	r27, 0x17	; 23
    2586:	b0 f0       	brcs	.+44     	; 0x25b4 <__fixunssfsi+0x3e>
    2588:	e1 f0       	breq	.+56     	; 0x25c2 <__fixunssfsi+0x4c>
    258a:	66 0f       	add	r22, r22
    258c:	77 1f       	adc	r23, r23
    258e:	88 1f       	adc	r24, r24
    2590:	99 1f       	adc	r25, r25
    2592:	1a f0       	brmi	.+6      	; 0x259a <__fixunssfsi+0x24>
    2594:	ba 95       	dec	r27
    2596:	c9 f7       	brne	.-14     	; 0x258a <__fixunssfsi+0x14>
    2598:	14 c0       	rjmp	.+40     	; 0x25c2 <__fixunssfsi+0x4c>
    259a:	b1 30       	cpi	r27, 0x01	; 1
    259c:	91 f0       	breq	.+36     	; 0x25c2 <__fixunssfsi+0x4c>
    259e:	0e 94 49 13 	call	0x2692	; 0x2692 <__fp_zero>
    25a2:	b1 e0       	ldi	r27, 0x01	; 1
    25a4:	08 95       	ret
    25a6:	0c 94 49 13 	jmp	0x2692	; 0x2692 <__fp_zero>
    25aa:	67 2f       	mov	r22, r23
    25ac:	78 2f       	mov	r23, r24
    25ae:	88 27       	eor	r24, r24
    25b0:	b8 5f       	subi	r27, 0xF8	; 248
    25b2:	39 f0       	breq	.+14     	; 0x25c2 <__fixunssfsi+0x4c>
    25b4:	b9 3f       	cpi	r27, 0xF9	; 249
    25b6:	cc f3       	brlt	.-14     	; 0x25aa <__fixunssfsi+0x34>
    25b8:	86 95       	lsr	r24
    25ba:	77 95       	ror	r23
    25bc:	67 95       	ror	r22
    25be:	b3 95       	inc	r27
    25c0:	d9 f7       	brne	.-10     	; 0x25b8 <__fixunssfsi+0x42>
    25c2:	3e f4       	brtc	.+14     	; 0x25d2 <__fixunssfsi+0x5c>
    25c4:	90 95       	com	r25
    25c6:	80 95       	com	r24
    25c8:	70 95       	com	r23
    25ca:	61 95       	neg	r22
    25cc:	7f 4f       	sbci	r23, 0xFF	; 255
    25ce:	8f 4f       	sbci	r24, 0xFF	; 255
    25d0:	9f 4f       	sbci	r25, 0xFF	; 255
    25d2:	08 95       	ret

000025d4 <__floatunsisf>:
    25d4:	e8 94       	clt
    25d6:	09 c0       	rjmp	.+18     	; 0x25ea <__floatsisf+0x12>

000025d8 <__floatsisf>:
    25d8:	97 fb       	bst	r25, 7
    25da:	3e f4       	brtc	.+14     	; 0x25ea <__floatsisf+0x12>
    25dc:	90 95       	com	r25
    25de:	80 95       	com	r24
    25e0:	70 95       	com	r23
    25e2:	61 95       	neg	r22
    25e4:	7f 4f       	sbci	r23, 0xFF	; 255
    25e6:	8f 4f       	sbci	r24, 0xFF	; 255
    25e8:	9f 4f       	sbci	r25, 0xFF	; 255
    25ea:	99 23       	and	r25, r25
    25ec:	a9 f0       	breq	.+42     	; 0x2618 <__floatsisf+0x40>
    25ee:	f9 2f       	mov	r31, r25
    25f0:	96 e9       	ldi	r25, 0x96	; 150
    25f2:	bb 27       	eor	r27, r27
    25f4:	93 95       	inc	r25
    25f6:	f6 95       	lsr	r31
    25f8:	87 95       	ror	r24
    25fa:	77 95       	ror	r23
    25fc:	67 95       	ror	r22
    25fe:	b7 95       	ror	r27
    2600:	f1 11       	cpse	r31, r1
    2602:	f8 cf       	rjmp	.-16     	; 0x25f4 <__floatsisf+0x1c>
    2604:	fa f4       	brpl	.+62     	; 0x2644 <__floatsisf+0x6c>
    2606:	bb 0f       	add	r27, r27
    2608:	11 f4       	brne	.+4      	; 0x260e <__floatsisf+0x36>
    260a:	60 ff       	sbrs	r22, 0
    260c:	1b c0       	rjmp	.+54     	; 0x2644 <__floatsisf+0x6c>
    260e:	6f 5f       	subi	r22, 0xFF	; 255
    2610:	7f 4f       	sbci	r23, 0xFF	; 255
    2612:	8f 4f       	sbci	r24, 0xFF	; 255
    2614:	9f 4f       	sbci	r25, 0xFF	; 255
    2616:	16 c0       	rjmp	.+44     	; 0x2644 <__floatsisf+0x6c>
    2618:	88 23       	and	r24, r24
    261a:	11 f0       	breq	.+4      	; 0x2620 <__floatsisf+0x48>
    261c:	96 e9       	ldi	r25, 0x96	; 150
    261e:	11 c0       	rjmp	.+34     	; 0x2642 <__floatsisf+0x6a>
    2620:	77 23       	and	r23, r23
    2622:	21 f0       	breq	.+8      	; 0x262c <__floatsisf+0x54>
    2624:	9e e8       	ldi	r25, 0x8E	; 142
    2626:	87 2f       	mov	r24, r23
    2628:	76 2f       	mov	r23, r22
    262a:	05 c0       	rjmp	.+10     	; 0x2636 <__floatsisf+0x5e>
    262c:	66 23       	and	r22, r22
    262e:	71 f0       	breq	.+28     	; 0x264c <__floatsisf+0x74>
    2630:	96 e8       	ldi	r25, 0x86	; 134
    2632:	86 2f       	mov	r24, r22
    2634:	70 e0       	ldi	r23, 0x00	; 0
    2636:	60 e0       	ldi	r22, 0x00	; 0
    2638:	2a f0       	brmi	.+10     	; 0x2644 <__floatsisf+0x6c>
    263a:	9a 95       	dec	r25
    263c:	66 0f       	add	r22, r22
    263e:	77 1f       	adc	r23, r23
    2640:	88 1f       	adc	r24, r24
    2642:	da f7       	brpl	.-10     	; 0x263a <__floatsisf+0x62>
    2644:	88 0f       	add	r24, r24
    2646:	96 95       	lsr	r25
    2648:	87 95       	ror	r24
    264a:	97 f9       	bld	r25, 7
    264c:	08 95       	ret

0000264e <__fp_split3>:
    264e:	57 fd       	sbrc	r21, 7
    2650:	90 58       	subi	r25, 0x80	; 128
    2652:	44 0f       	add	r20, r20
    2654:	55 1f       	adc	r21, r21
    2656:	59 f0       	breq	.+22     	; 0x266e <__fp_splitA+0x10>
    2658:	5f 3f       	cpi	r21, 0xFF	; 255
    265a:	71 f0       	breq	.+28     	; 0x2678 <__fp_splitA+0x1a>
    265c:	47 95       	ror	r20

0000265e <__fp_splitA>:
    265e:	88 0f       	add	r24, r24
    2660:	97 fb       	bst	r25, 7
    2662:	99 1f       	adc	r25, r25
    2664:	61 f0       	breq	.+24     	; 0x267e <__fp_splitA+0x20>
    2666:	9f 3f       	cpi	r25, 0xFF	; 255
    2668:	79 f0       	breq	.+30     	; 0x2688 <__fp_splitA+0x2a>
    266a:	87 95       	ror	r24
    266c:	08 95       	ret
    266e:	12 16       	cp	r1, r18
    2670:	13 06       	cpc	r1, r19
    2672:	14 06       	cpc	r1, r20
    2674:	55 1f       	adc	r21, r21
    2676:	f2 cf       	rjmp	.-28     	; 0x265c <__fp_split3+0xe>
    2678:	46 95       	lsr	r20
    267a:	f1 df       	rcall	.-30     	; 0x265e <__fp_splitA>
    267c:	08 c0       	rjmp	.+16     	; 0x268e <__fp_splitA+0x30>
    267e:	16 16       	cp	r1, r22
    2680:	17 06       	cpc	r1, r23
    2682:	18 06       	cpc	r1, r24
    2684:	99 1f       	adc	r25, r25
    2686:	f1 cf       	rjmp	.-30     	; 0x266a <__fp_splitA+0xc>
    2688:	86 95       	lsr	r24
    268a:	71 05       	cpc	r23, r1
    268c:	61 05       	cpc	r22, r1
    268e:	08 94       	sec
    2690:	08 95       	ret

00002692 <__fp_zero>:
    2692:	e8 94       	clt

00002694 <__fp_szero>:
    2694:	bb 27       	eor	r27, r27
    2696:	66 27       	eor	r22, r22
    2698:	77 27       	eor	r23, r23
    269a:	cb 01       	movw	r24, r22
    269c:	97 f9       	bld	r25, 7
    269e:	08 95       	ret

000026a0 <__gesf2>:
    26a0:	0e 94 c2 13 	call	0x2784	; 0x2784 <__fp_cmp>
    26a4:	08 f4       	brcc	.+2      	; 0x26a8 <__gesf2+0x8>
    26a6:	8f ef       	ldi	r24, 0xFF	; 255
    26a8:	08 95       	ret

000026aa <__mulsf3>:
    26aa:	0e 94 68 13 	call	0x26d0	; 0x26d0 <__mulsf3x>
    26ae:	0c 94 fd 13 	jmp	0x27fa	; 0x27fa <__fp_round>
    26b2:	0e 94 ef 13 	call	0x27de	; 0x27de <__fp_pscA>
    26b6:	38 f0       	brcs	.+14     	; 0x26c6 <__mulsf3+0x1c>
    26b8:	0e 94 f6 13 	call	0x27ec	; 0x27ec <__fp_pscB>
    26bc:	20 f0       	brcs	.+8      	; 0x26c6 <__mulsf3+0x1c>
    26be:	95 23       	and	r25, r21
    26c0:	11 f0       	breq	.+4      	; 0x26c6 <__mulsf3+0x1c>
    26c2:	0c 94 e6 13 	jmp	0x27cc	; 0x27cc <__fp_inf>
    26c6:	0c 94 ec 13 	jmp	0x27d8	; 0x27d8 <__fp_nan>
    26ca:	11 24       	eor	r1, r1
    26cc:	0c 94 4a 13 	jmp	0x2694	; 0x2694 <__fp_szero>

000026d0 <__mulsf3x>:
    26d0:	0e 94 27 13 	call	0x264e	; 0x264e <__fp_split3>
    26d4:	70 f3       	brcs	.-36     	; 0x26b2 <__mulsf3+0x8>

000026d6 <__mulsf3_pse>:
    26d6:	95 9f       	mul	r25, r21
    26d8:	c1 f3       	breq	.-16     	; 0x26ca <__mulsf3+0x20>
    26da:	95 0f       	add	r25, r21
    26dc:	50 e0       	ldi	r21, 0x00	; 0
    26de:	55 1f       	adc	r21, r21
    26e0:	62 9f       	mul	r22, r18
    26e2:	f0 01       	movw	r30, r0
    26e4:	72 9f       	mul	r23, r18
    26e6:	bb 27       	eor	r27, r27
    26e8:	f0 0d       	add	r31, r0
    26ea:	b1 1d       	adc	r27, r1
    26ec:	63 9f       	mul	r22, r19
    26ee:	aa 27       	eor	r26, r26
    26f0:	f0 0d       	add	r31, r0
    26f2:	b1 1d       	adc	r27, r1
    26f4:	aa 1f       	adc	r26, r26
    26f6:	64 9f       	mul	r22, r20
    26f8:	66 27       	eor	r22, r22
    26fa:	b0 0d       	add	r27, r0
    26fc:	a1 1d       	adc	r26, r1
    26fe:	66 1f       	adc	r22, r22
    2700:	82 9f       	mul	r24, r18
    2702:	22 27       	eor	r18, r18
    2704:	b0 0d       	add	r27, r0
    2706:	a1 1d       	adc	r26, r1
    2708:	62 1f       	adc	r22, r18
    270a:	73 9f       	mul	r23, r19
    270c:	b0 0d       	add	r27, r0
    270e:	a1 1d       	adc	r26, r1
    2710:	62 1f       	adc	r22, r18
    2712:	83 9f       	mul	r24, r19
    2714:	a0 0d       	add	r26, r0
    2716:	61 1d       	adc	r22, r1
    2718:	22 1f       	adc	r18, r18
    271a:	74 9f       	mul	r23, r20
    271c:	33 27       	eor	r19, r19
    271e:	a0 0d       	add	r26, r0
    2720:	61 1d       	adc	r22, r1
    2722:	23 1f       	adc	r18, r19
    2724:	84 9f       	mul	r24, r20
    2726:	60 0d       	add	r22, r0
    2728:	21 1d       	adc	r18, r1
    272a:	82 2f       	mov	r24, r18
    272c:	76 2f       	mov	r23, r22
    272e:	6a 2f       	mov	r22, r26
    2730:	11 24       	eor	r1, r1
    2732:	9f 57       	subi	r25, 0x7F	; 127
    2734:	50 40       	sbci	r21, 0x00	; 0
    2736:	9a f0       	brmi	.+38     	; 0x275e <__mulsf3_pse+0x88>
    2738:	f1 f0       	breq	.+60     	; 0x2776 <__mulsf3_pse+0xa0>
    273a:	88 23       	and	r24, r24
    273c:	4a f0       	brmi	.+18     	; 0x2750 <__mulsf3_pse+0x7a>
    273e:	ee 0f       	add	r30, r30
    2740:	ff 1f       	adc	r31, r31
    2742:	bb 1f       	adc	r27, r27
    2744:	66 1f       	adc	r22, r22
    2746:	77 1f       	adc	r23, r23
    2748:	88 1f       	adc	r24, r24
    274a:	91 50       	subi	r25, 0x01	; 1
    274c:	50 40       	sbci	r21, 0x00	; 0
    274e:	a9 f7       	brne	.-22     	; 0x273a <__mulsf3_pse+0x64>
    2750:	9e 3f       	cpi	r25, 0xFE	; 254
    2752:	51 05       	cpc	r21, r1
    2754:	80 f0       	brcs	.+32     	; 0x2776 <__mulsf3_pse+0xa0>
    2756:	0c 94 e6 13 	jmp	0x27cc	; 0x27cc <__fp_inf>
    275a:	0c 94 4a 13 	jmp	0x2694	; 0x2694 <__fp_szero>
    275e:	5f 3f       	cpi	r21, 0xFF	; 255
    2760:	e4 f3       	brlt	.-8      	; 0x275a <__mulsf3_pse+0x84>
    2762:	98 3e       	cpi	r25, 0xE8	; 232
    2764:	d4 f3       	brlt	.-12     	; 0x275a <__mulsf3_pse+0x84>
    2766:	86 95       	lsr	r24
    2768:	77 95       	ror	r23
    276a:	67 95       	ror	r22
    276c:	b7 95       	ror	r27
    276e:	f7 95       	ror	r31
    2770:	e7 95       	ror	r30
    2772:	9f 5f       	subi	r25, 0xFF	; 255
    2774:	c1 f7       	brne	.-16     	; 0x2766 <__mulsf3_pse+0x90>
    2776:	fe 2b       	or	r31, r30
    2778:	88 0f       	add	r24, r24
    277a:	91 1d       	adc	r25, r1
    277c:	96 95       	lsr	r25
    277e:	87 95       	ror	r24
    2780:	97 f9       	bld	r25, 7
    2782:	08 95       	ret

00002784 <__fp_cmp>:
    2784:	99 0f       	add	r25, r25
    2786:	00 08       	sbc	r0, r0
    2788:	55 0f       	add	r21, r21
    278a:	aa 0b       	sbc	r26, r26
    278c:	e0 e8       	ldi	r30, 0x80	; 128
    278e:	fe ef       	ldi	r31, 0xFE	; 254
    2790:	16 16       	cp	r1, r22
    2792:	17 06       	cpc	r1, r23
    2794:	e8 07       	cpc	r30, r24
    2796:	f9 07       	cpc	r31, r25
    2798:	c0 f0       	brcs	.+48     	; 0x27ca <__fp_cmp+0x46>
    279a:	12 16       	cp	r1, r18
    279c:	13 06       	cpc	r1, r19
    279e:	e4 07       	cpc	r30, r20
    27a0:	f5 07       	cpc	r31, r21
    27a2:	98 f0       	brcs	.+38     	; 0x27ca <__fp_cmp+0x46>
    27a4:	62 1b       	sub	r22, r18
    27a6:	73 0b       	sbc	r23, r19
    27a8:	84 0b       	sbc	r24, r20
    27aa:	95 0b       	sbc	r25, r21
    27ac:	39 f4       	brne	.+14     	; 0x27bc <__fp_cmp+0x38>
    27ae:	0a 26       	eor	r0, r26
    27b0:	61 f0       	breq	.+24     	; 0x27ca <__fp_cmp+0x46>
    27b2:	23 2b       	or	r18, r19
    27b4:	24 2b       	or	r18, r20
    27b6:	25 2b       	or	r18, r21
    27b8:	21 f4       	brne	.+8      	; 0x27c2 <__fp_cmp+0x3e>
    27ba:	08 95       	ret
    27bc:	0a 26       	eor	r0, r26
    27be:	09 f4       	brne	.+2      	; 0x27c2 <__fp_cmp+0x3e>
    27c0:	a1 40       	sbci	r26, 0x01	; 1
    27c2:	a6 95       	lsr	r26
    27c4:	8f ef       	ldi	r24, 0xFF	; 255
    27c6:	81 1d       	adc	r24, r1
    27c8:	81 1d       	adc	r24, r1
    27ca:	08 95       	ret

000027cc <__fp_inf>:
    27cc:	97 f9       	bld	r25, 7
    27ce:	9f 67       	ori	r25, 0x7F	; 127
    27d0:	80 e8       	ldi	r24, 0x80	; 128
    27d2:	70 e0       	ldi	r23, 0x00	; 0
    27d4:	60 e0       	ldi	r22, 0x00	; 0
    27d6:	08 95       	ret

000027d8 <__fp_nan>:
    27d8:	9f ef       	ldi	r25, 0xFF	; 255
    27da:	80 ec       	ldi	r24, 0xC0	; 192
    27dc:	08 95       	ret

000027de <__fp_pscA>:
    27de:	00 24       	eor	r0, r0
    27e0:	0a 94       	dec	r0
    27e2:	16 16       	cp	r1, r22
    27e4:	17 06       	cpc	r1, r23
    27e6:	18 06       	cpc	r1, r24
    27e8:	09 06       	cpc	r0, r25
    27ea:	08 95       	ret

000027ec <__fp_pscB>:
    27ec:	00 24       	eor	r0, r0
    27ee:	0a 94       	dec	r0
    27f0:	12 16       	cp	r1, r18
    27f2:	13 06       	cpc	r1, r19
    27f4:	14 06       	cpc	r1, r20
    27f6:	05 06       	cpc	r0, r21
    27f8:	08 95       	ret

000027fa <__fp_round>:
    27fa:	09 2e       	mov	r0, r25
    27fc:	03 94       	inc	r0
    27fe:	00 0c       	add	r0, r0
    2800:	11 f4       	brne	.+4      	; 0x2806 <__fp_round+0xc>
    2802:	88 23       	and	r24, r24
    2804:	52 f0       	brmi	.+20     	; 0x281a <__fp_round+0x20>
    2806:	bb 0f       	add	r27, r27
    2808:	40 f4       	brcc	.+16     	; 0x281a <__fp_round+0x20>
    280a:	bf 2b       	or	r27, r31
    280c:	11 f4       	brne	.+4      	; 0x2812 <__fp_round+0x18>
    280e:	60 ff       	sbrs	r22, 0
    2810:	04 c0       	rjmp	.+8      	; 0x281a <__fp_round+0x20>
    2812:	6f 5f       	subi	r22, 0xFF	; 255
    2814:	7f 4f       	sbci	r23, 0xFF	; 255
    2816:	8f 4f       	sbci	r24, 0xFF	; 255
    2818:	9f 4f       	sbci	r25, 0xFF	; 255
    281a:	08 95       	ret

0000281c <__udivmodhi4>:
    281c:	aa 1b       	sub	r26, r26
    281e:	bb 1b       	sub	r27, r27
    2820:	51 e1       	ldi	r21, 0x11	; 17
    2822:	07 c0       	rjmp	.+14     	; 0x2832 <__udivmodhi4_ep>

00002824 <__udivmodhi4_loop>:
    2824:	aa 1f       	adc	r26, r26
    2826:	bb 1f       	adc	r27, r27
    2828:	a6 17       	cp	r26, r22
    282a:	b7 07       	cpc	r27, r23
    282c:	10 f0       	brcs	.+4      	; 0x2832 <__udivmodhi4_ep>
    282e:	a6 1b       	sub	r26, r22
    2830:	b7 0b       	sbc	r27, r23

00002832 <__udivmodhi4_ep>:
    2832:	88 1f       	adc	r24, r24
    2834:	99 1f       	adc	r25, r25
    2836:	5a 95       	dec	r21
    2838:	a9 f7       	brne	.-22     	; 0x2824 <__udivmodhi4_loop>
    283a:	80 95       	com	r24
    283c:	90 95       	com	r25
    283e:	bc 01       	movw	r22, r24
    2840:	cd 01       	movw	r24, r26
    2842:	08 95       	ret

00002844 <__udivmodsi4>:
    2844:	a1 e2       	ldi	r26, 0x21	; 33
    2846:	1a 2e       	mov	r1, r26
    2848:	aa 1b       	sub	r26, r26
    284a:	bb 1b       	sub	r27, r27
    284c:	fd 01       	movw	r30, r26
    284e:	0d c0       	rjmp	.+26     	; 0x286a <__udivmodsi4_ep>

00002850 <__udivmodsi4_loop>:
    2850:	aa 1f       	adc	r26, r26
    2852:	bb 1f       	adc	r27, r27
    2854:	ee 1f       	adc	r30, r30
    2856:	ff 1f       	adc	r31, r31
    2858:	a2 17       	cp	r26, r18
    285a:	b3 07       	cpc	r27, r19
    285c:	e4 07       	cpc	r30, r20
    285e:	f5 07       	cpc	r31, r21
    2860:	20 f0       	brcs	.+8      	; 0x286a <__udivmodsi4_ep>
    2862:	a2 1b       	sub	r26, r18
    2864:	b3 0b       	sbc	r27, r19
    2866:	e4 0b       	sbc	r30, r20
    2868:	f5 0b       	sbc	r31, r21

0000286a <__udivmodsi4_ep>:
    286a:	66 1f       	adc	r22, r22
    286c:	77 1f       	adc	r23, r23
    286e:	88 1f       	adc	r24, r24
    2870:	99 1f       	adc	r25, r25
    2872:	1a 94       	dec	r1
    2874:	69 f7       	brne	.-38     	; 0x2850 <__udivmodsi4_loop>
    2876:	60 95       	com	r22
    2878:	70 95       	com	r23
    287a:	80 95       	com	r24
    287c:	90 95       	com	r25
    287e:	9b 01       	movw	r18, r22
    2880:	ac 01       	movw	r20, r24
    2882:	bd 01       	movw	r22, r26
    2884:	cf 01       	movw	r24, r30
    2886:	08 95       	ret

00002888 <__umulhisi3>:
    2888:	a2 9f       	mul	r26, r18
    288a:	b0 01       	movw	r22, r0
    288c:	b3 9f       	mul	r27, r19
    288e:	c0 01       	movw	r24, r0
    2890:	a3 9f       	mul	r26, r19
    2892:	70 0d       	add	r23, r0
    2894:	81 1d       	adc	r24, r1
    2896:	11 24       	eor	r1, r1
    2898:	91 1d       	adc	r25, r1
    289a:	b2 9f       	mul	r27, r18
    289c:	70 0d       	add	r23, r0
    289e:	81 1d       	adc	r24, r1
    28a0:	11 24       	eor	r1, r1
    28a2:	91 1d       	adc	r25, r1
    28a4:	08 95       	ret

000028a6 <memcmp>:
    28a6:	fb 01       	movw	r30, r22
    28a8:	dc 01       	movw	r26, r24
    28aa:	04 c0       	rjmp	.+8      	; 0x28b4 <memcmp+0xe>
    28ac:	8d 91       	ld	r24, X+
    28ae:	01 90       	ld	r0, Z+
    28b0:	80 19       	sub	r24, r0
    28b2:	21 f4       	brne	.+8      	; 0x28bc <memcmp+0x16>
    28b4:	41 50       	subi	r20, 0x01	; 1
    28b6:	50 40       	sbci	r21, 0x00	; 0
    28b8:	c8 f7       	brcc	.-14     	; 0x28ac <memcmp+0x6>
    28ba:	88 1b       	sub	r24, r24
    28bc:	99 0b       	sbc	r25, r25
    28be:	08 95       	ret

000028c0 <memcpy>:
    28c0:	fb 01       	movw	r30, r22
    28c2:	dc 01       	movw	r26, r24
    28c4:	02 c0       	rjmp	.+4      	; 0x28ca <memcpy+0xa>
    28c6:	01 90       	ld	r0, Z+
    28c8:	0d 92       	st	X+, r0
    28ca:	41 50       	subi	r20, 0x01	; 1
    28cc:	50 40       	sbci	r21, 0x00	; 0
    28ce:	d8 f7       	brcc	.-10     	; 0x28c6 <memcpy+0x6>
    28d0:	08 95       	ret

000028d2 <_exit>:
    28d2:	f8 94       	cli

000028d4 <__stop_program>:
    28d4:	ff cf       	rjmp	.-2      	; 0x28d4 <__stop_program>
